section,text
386a,"τὰ μὲν δὴ περὶ θεούς, ἦν δʼ ἐγώ, τοιαῦτʼ ἄττα, ὡς ἔοικεν, ἀκουστέον τε καὶ οὐκ ἀκουστέον εὐθὺς ἐκ παίδων τοῖς θεούς τε τιμήσουσιν καὶ γονέας τήν τε ἀλλήλων φιλίαν μὴ περὶ σμικροῦ ποιησομένοις.
καὶ οἶμαί γʼ, ἔφη, ὀρθῶς ἡμῖν φαίνεσθαι.
τί δὲ δὴ εἰ μέλλουσιν εἶναι ἀνδρεῖοι; ἆρα οὐ ταῦτά τε λεκτέον καὶ οἷα αὐτοὺς ποιῆσαι ἥκιστα τὸν θάνατον δεδιέναι;"
386b,"ἢ ἡγῇ τινά ποτʼ ἂν γενέσθαι ἀνδρεῖον ἔχοντα ἐν αὑτῷ τοῦτο τὸ δεῖμα;
μὰ Δία, ἦ δʼ ὅς, οὐκ ἔγωγε.
τί δέ; τἀν Ἅιδου ἡγούμενον εἶναί τε καὶ δεινὰ εἶναι οἴει τινὰ θανάτου ἀδεῆ ἔσεσθαι καὶ ἐν ταῖς μάχαις αἱρήσεσθαι πρὸ ἥττης τε καὶ δουλείας θάνατον;
οὐδαμῶς.
δεῖ δή, ὡς ἔοικεν, ἡμᾶς ἐπιστατεῖν καὶ περὶ τούτων τῶν μύθων τοῖς ἐπιχειροῦσιν λέγειν, καὶ δεῖσθαι μὴ λοιδορεῖν ἁπλῶς οὕτως τὰ ἐν Ἅιδου ἀλλὰ μᾶλλον ἐπαινεῖν, ὡς οὔτε ἀληθῆ"
386c,"ἂν λέγοντας οὔτε ὠφέλιμα τοῖς μέλλουσιν μαχίμοις ἔσεσθαι.
δεῖ μέντοι, ἔφη.
ἐξαλείψομεν ἄρα, ἦν δʼ ἐγώ, ἀπὸ τοῦδε τοῦ ἔπους ἀρξάμενοι πάντα τὰ τοιαῦτα— βουλοίμην κʼ ἐπάρουρος ἐὼν θητευέμεν ἄλλῳ ἀνδρὶ παρʼ ἀκλήρῳ, ᾧ μὴ βίοτος πολὺς εἴη ἢ πᾶσιν νεκύεσσι καταφθιμένοισιν ἀνάσσειν  Aesch. Frag. 350 καὶ τὸ—"
386d,"οἰκία δὲ θνητοῖσι καὶ ἀθανάτοισι φανείη σμερδαλέʼ, εὐρώεντα, τά τε στυγέουσι θεοί περ  Hom. Il. 20.64 καὶ— ὢ πόποι, ἦ ῥά τις ἔστι καὶ εἰν Ἀΐδαο δόμοισιν ψυχὴ καὶ εἴδωλον, ἀτὰρ φρένες οὐκ ἔνι πάμπαν  Hom. Od. 10.495 καὶ τὸ— οἴῳ πεπνῦσθαι, ταὶ δὲ σκιαὶ ἀΐσσουσι  Hom. Il. 23.103 καὶ— ψυχὴ δʼ ἐκ ῥεθέων πταμένη Ἄϊδόσδε βεβήκει, ὃν πότμον γοόωσα, λιποῦσʼ ἀνδροτῆτα καὶ ἥβην  Hom. Il. 16.856"
387a,"καὶ τὸ—   ψυχὴ δὲ κατὰ χθονός, ἠΰτε καπνός, ᾤχετο τετριγυῖα    Hom. Il. 23.100 καὶ— ὡς δʼ ὅτε νυκτερίδες μυχῷ ἄντρου θεσπεσίοιο τρίζουσαι ποτέονται, ἐπεί κέ τις ἀποπέσῃσιν ὁρμαθοῦ ἐκ πέτρης, ἀνά τʼ ἀλλήλῃσιν ἔχονται, ὣς αἳ τετριγυῖαι ἅμʼ ᾔεσαν.  Hom. Od. 24.6-10"
387b,"ταῦτα καὶ τὰ τοιαῦτα πάντα παραιτησόμεθα Ὅμηρόν τε καὶ τοὺς ἄλλους ποιητὰς μὴ χαλεπαίνειν ἂν διαγράφωμεν, οὐχ ὡς οὐ ποιητικὰ καὶ ἡδέα τοῖς πολλοῖς ἀκούειν, ἀλλʼ ὅσῳ ποιητικώτερα, τοσούτῳ ἧττον ἀκουστέον παισὶ καὶ ἀνδράσιν οὓς δεῖ ἐλευθέρους εἶναι, δουλείαν θανάτου μᾶλλον πεφοβημένους.
παντάπασι μὲν οὖν.
οὐκοῦν ἔτι καὶ τὰ περὶ ταῦτα ὀνόματα πάντα τὰ δεινά τε καὶ φοβερὰ ἀποβλητέα, Κωκυτούς τε καὶ Στύγας καὶ"
387c,"νέρους καὶ ἀλίβαντας, καὶ ἄλλα ὅσα τούτου τοῦ τύπου ὀνομαζόμενα φρίττειν δὴ ποιεῖ ὡς οἴεται πάντας τοὺς ἀκούοντας. καὶ ἴσως εὖ ἔχει πρὸς ἄλλο τι· ἡμεῖς δὲ ὑπὲρ τῶν φυλάκων φοβούμεθα μὴ ἐκ τῆς τοιαύτης φρίκης θερμότεροι καὶ μαλακώτεροι τοῦ δέοντος γένωνται ἡμῖν.
καὶ ὀρθῶς γʼ, ἔφη, φοβούμεθα.
ἀφαιρετέα ἄρα;
ναί.
τὸν δὲ ἐναντίον τύπον τούτοις λεκτέον τε καὶ ποιητέον;
δῆλα δή."
387d,"καὶ τοὺς ὀδυρμοὺς ἄρα ἐξαιρήσομεν καὶ τοὺς οἴκτους τοὺς τῶν ἐλλογίμων ἀνδρῶν;
ἀνάγκη, ἔφη, εἴπερ καὶ τὰ πρότερα.
σκόπει δή, ἦν δʼ ἐγώ, εἰ ὀρθῶς ἐξαιρήσομεν ἢ οὔ. φαμὲν δὲ δὴ ὅτι ὁ ἐπιεικὴς ἀνὴρ τῷ ἐπιεικεῖ, οὗπερ καὶ ἑταῖρός ἐστιν, τὸ τεθνάναι οὐ δεινὸν ἡγήσεται.
φαμὲν γάρ.
οὐκ ἄρα ὑπέρ γʼ ἐκείνου ὡς δεινόν τι πεπονθότος ὀδύροιτʼ ἄν.
οὐ δῆτα.
ἀλλὰ μὴν καὶ τόδε λέγομεν, ὡς ὁ τοιοῦτος μάλιστα αὐτὸς αὑτῷ αὐτάρκης πρὸς τὸ εὖ ζῆν καὶ διαφερόντως τῶν"
387e,"ἄλλων ἥκιστα ἑτέρου προσδεῖται.
ἀληθῆ, ἔφη.
ἥκιστα ἄρʼ αὐτῷ δεινὸν στερηθῆναι ὑέος ἢ ἀδελφοῦ ἢ χρημάτων ἢ ἄλλου του τῶν τοιούτων.
ἥκιστα μέντοι.
ἥκιστʼ ἄρα καὶ ὀδύρεσθαι, φέρειν δὲ ὡς πρᾳότατα, ὅταν τις αὐτὸν τοιαύτη συμφορὰ καταλάβῃ.
πολύ γε."
388a,"καὶ ὅσοι κακοὶ τῶν ἀνδρῶν, ἵνα ἡμῖν δυσχεραίνωσιν ὅμοια τούτοις ποιεῖν οὓς δή φαμεν ἐπὶ φυλακῇ τῆς χώρας τρέφειν.
ὀρθῶς, ἔφη.
πάλιν δὴ Ὁμήρου τε δεησόμεθα καὶ τῶν ἄλλων ποιητῶν μὴ ποιεῖν Ἀχιλλέα θεᾶς παῖδα— ἄλλοτʼ ἐπὶ πλευρᾶς κατακείμενον, ἄλλοτε δʼ αὖτε ὕπτιον, ἄλλοτε δὲ πρηνῆ,    Hom. Il. 24.10-12 τοτὲ δʼ ὀρθὸν ἀναστάντα πλωΐζοντʼ ἀλύοντʼ ἐπὶ   θῖνʼ ἁλὸς ἀτρυγέτοιο, Hom. Il. 24.12 μηδὲ ἀμφοτέραισιν χερσὶν ἑλόντα κόνιν αἰθαλόεσσαν χευάμενον κὰκ κεφαλῆς Hom. Il. 18.23-24, μηδὲ ἄλλα κλαίοντά τε καὶ ὀδυρόμενον ὅσα καὶ οἷα ἐκεῖνος ἐποίησε, μηδὲ Πρίαμον ἐγγὺς θεῶν γεγονότα λιτανεύοντά τε καὶ—   κυλινδόμενον κατὰ κόπρον, ἐξονομακλήδην ὀνομάζοντʼ ἄνδρα ἕκαστον.  Hom. Il. 22.414-415 πολὺ δʼ ἔτι τούτων μᾶλλον δεησόμεθα μήτοι θεούς γε ποιεῖν ὀδυρομένους καὶ λέγοντας—"
388b,"θῖνʼ ἁλὸς ἀτρυγέτοιο,"
388c,"ὤμοι ἐγὼ δειλή, ὤμοι δυσαριστοτόκεια·  Hom. Il. 18.54 εἰ δʼ οὖν θεούς, μήτοι τόν γε μέγιστον τῶν θεῶν τολμῆσαι οὕτως ἀνομοίως μιμήσασθαι, ὥστε  ὢ πόποι, φάναι, ἦ φίλον ἄνδρα διωκόμενον περὶ ἄστυ ὀφθαλμοῖσιν ὁρῶμαι, ἐμὸν δʼ ὀλοφύρεται ἦτορ·  Hom. Il. 22.168 καὶ— αἲ αἲ ἐγών, ὅ τέ μοι Σαρπηδόνα φίλτατον ἀνδρῶν"
388d,"μοῖρʼ ὑπὸ Πατρόκλοιο Μενοιτιάδαο δαμῆναι.  Hom. Il. 16.433-434 εἰ γάρ, ὦ φίλε Ἀδείμαντε, τὰ τοιαῦτα ἡμῖν οἱ νέοι σπουδῇ ἀκούοιεν καὶ μὴ καταγελῷεν ὡς ἀναξίως λεγομένων, σχολῇ ἂν ἑαυτόν γέ τις ἄνθρωπον ὄντα ἀνάξιον ἡγήσαιτο τούτων καὶ ἐπιπλήξειεν, εἰ καὶ ἐπίοι αὐτῷ τι τοιοῦτον ἢ λέγειν ἢ ποιεῖν, ἀλλʼ οὐδὲν αἰσχυνόμενος οὐδὲ καρτερῶν πολλοὺς ἐπὶ σμικροῖσιν παθήμασιν θρήνους ἂν ᾄδοι καὶ ὀδυρμούς."
388e,"ἀληθέστατα, ἔφη, λέγεις.
δεῖ δέ γε οὔχ, ὡς ἄρτι ἡμῖν ὁ λόγος ἐσήμαινεν· ᾧ πειστέον, ἕως ἄν τις ἡμᾶς ἄλλῳ καλλίονι πείσῃ.
οὐ γὰρ οὖν δεῖ.
ἀλλὰ μὴν οὐδὲ φιλογέλωτάς γε δεῖ εἶναι. σχεδὸν γὰρ ὅταν τις ἐφιῇ ἰσχυρῷ γέλωτι, ἰσχυρὰν καὶ μεταβολὴν ζητεῖ τὸ τοιοῦτον.
δοκεῖ μοι, ἔφη."
389a,"γέλωτος ἄν τις ποιῇ, ἀποδεκτέον, πολὺ δὲ ἧττον, ἐὰν θεούς.
πολὺ μέντοι, ἦ δʼ ὅς.
οὐκοῦν Ὁμήρου οὐδὲ τὰ τοιαῦτα ἀποδεξόμεθα περὶ θεῶν— ἄσβεστος δʼ ἄρʼ ἐνῶρτο γέλως μακάρεσσι θεοῖσιν, ὡς ἴδον Ἥφαιστον διὰ δώματα ποιπνύοντα·  Hom. Il. 1.599-600 οὐκ ἀποδεκτέον κατὰ τὸν σὸν λόγον.
εἰ σύ, ἔφη, βούλει ἐμὸν τιθέναι· οὐ γὰρ οὖν δὴ"
389b,"ἀποδεκτέον.
ἀλλὰ μὴν καὶ ἀλήθειάν γε περὶ πολλοῦ ποιητέον. εἰ γὰρ ὀρθῶς ἐλέγομεν ἄρτι, καὶ τῷ ὄντι θεοῖσι μὲν ἄχρηστον ψεῦδος, ἀνθρώποις δὲ χρήσιμον ὡς ἐν φαρμάκου εἴδει, δῆλον ὅτι τό γε τοιοῦτον ἰατροῖς δοτέον, ἰδιώταις δὲ οὐχ ἁπτέον.
δῆλον, ἔφη.
τοῖς ἄρχουσιν δὴ τῆς πόλεως, εἴπερ τισὶν ἄλλοις, προσήκει ψεύδεσθαι ἢ πολεμίων ἢ πολιτῶν ἕνεκα ἐπʼ ὠφελίᾳ τῆς πόλεως, τοῖς δὲ ἄλλοις πᾶσιν οὐχ ἁπτέον τοῦ τοιούτου·"
389c,"ἀλλὰ πρός γε δὴ τοὺς τοιούτους ἄρχοντας ἰδιώτῃ ψεύσασθαι ταὐτὸν καὶ μεῖζον ἁμάρτημα φήσομεν ἢ κάμνοντι πρὸς ἰατρὸν ἢ ἀσκοῦντι πρὸς παιδοτρίβην περὶ τῶν τοῦ αὑτοῦ σώματος παθημάτων μὴ τἀληθῆ λέγειν, ἢ πρὸς κυβερνήτην περὶ τῆς νεώς τε καὶ τῶν ναυτῶν μὴ τὰ ὄντα λέγοντι ὅπως ἢ αὐτὸς ἤ τις τῶν συνναυτῶν πράξεως ἔχει.
ἀληθέστατα, ἔφη."
389d,"ἂν ἄρʼ ἄλλον τινὰ λαμβάνῃ ψευδόμενον ἐν τῇ πόλει—   τῶν οἳ δημιοεργοὶ ἔασι, μάντιν ἢ ἰητῆρα κακῶν ἢ τέκτονα δούρων,  Hom. Od. 17.383-384 κολάσει ὡς ἐπιτήδευμα εἰσάγοντα πόλεως ὥσπερ νεὼς ἀνατρεπτικόν τε καὶ ὀλέθριον.
ἐάνπερ, ἦ δʼ ὅς, ἐπί γε λόγῳ ἔργα τελῆται.
τί δέ; σωφροσύνης ἆρα οὐ δεήσει ἡμῖν τοῖς νεανίαις;
πῶς δʼ οὔ;
σωφροσύνης δὲ ὡς πλήθει οὐ τὰ τοιάδε μέγιστα, ἀρχόντων"
389e,"μὲν ὑπηκόους εἶναι, αὐτοὺς δὲ ἄρχοντας τῶν περὶ πότους καὶ ἀφροδίσια καὶ περὶ ἐδωδὰς ἡδονῶν;
ἔμοιγε δοκεῖ.
τὰ δὴ τοιάδε φήσομεν οἶμαι καλῶς λέγεσθαι, οἷα καὶ Ὁμήρῳ Διομήδης λέγει— τέττα, σιωπῇ ἧσο, ἐμῷ δʼ ἐπιπείθεο μύθῳ,  Hom. Il. 4.412 καὶ τὰ τούτων ἐχόμενα, τὰ—   ἴσαν μένεα πνείοντες Ἀχαιοί, σιγῇ δειδιότες σημάντορας,    Hom. Il. 3.8 καὶ ὅσα ἄλλα τοιαῦτα."
390a,"καὶ τὰ τούτων ἑξῆς ἆρα καλῶς, καὶ ὅσα ἄλλα τις ἐν λόγῳ ἢ ἐν ποιήσει εἴρηκε νεανιεύματα ἰδιωτῶν εἰς ἄρχοντας;
οὐ καλῶς.
οὐ γὰρ οἶμαι εἴς γε σωφροσύνην νέοις ἐπιτήδεια ἀκούειν· εἰ δέ τινα ἄλλην ἡδονὴν παρέχεται, θαυμαστὸν οὐδέν. ἢ πῶς σοι φαίνεται;
οὕτως, ἔφη.
τί δέ; ποιεῖν ἄνδρα τὸν σοφώτατον λέγοντα ὡς δοκεῖ αὐτῷ κάλλιστον εἶναι πάντων, ὅταν—   παρὰ πλεῖαι ὦσι τράπεζαι"
390b,"σίτου καὶ κρειῶν, μέθυ δʼ ἐκ κρητῆρος ἀφύσσων οἰνοχόος φορέῃσι καὶ ἐγχείῃ δεπάεσσι,  Hom. Od. 9.8-10 δοκεῖ σοι ἐπιτήδειον εἶναι πρὸς ἐγκράτειαν ἑαυτοῦ ἀκούειν νέῳ; ἢ τὸ— λιμῷ δʼ οἴκτιστον θανέειν καὶ πότμον ἐπισπεῖν;  Hom. Od. 12.342 ἢ Δία, καθευδόντων τῶν ἄλλων θεῶν τε καὶ ἀνθρώπων ὡς, μόνος ἐγρηγορὼς ἃ ἐβουλεύσατο, τούτων πάντων ῥᾳδίως"
390c,"ἐπιλανθανόμενον διὰ τὴν τῶν ἀφροδισίων ἐπιθυμίαν, καὶ οὕτως ἐκπλαγέντα ἰδόντα τὴν Ἥραν, ὥστε μηδʼ εἰς τὸ δωμάτιον ἐθέλειν ἐλθεῖν, ἀλλʼ αὐτοῦ βουλόμενον χαμαὶ συγγίγνεσθαι, λέγοντα ὡς οὕτως ὑπὸ ἐπιθυμίας ἔχεται, ὡς οὐδʼ ὅτε τὸ πρῶτον ἐφοίτων πρὸς ἀλλήλους φίλους λήθοντε τοκῆας Hom. Il. 14.296· οὐδὲ Ἄρεώς τε καὶ ἀφροδίτης ὑπὸ Ἡφαίστου δεσμὸν διʼ ἕτερα τοιαῦτα.
οὐ μὰ τὸν Δία, ἦ δʼ ὅς, οὔ μοι φαίνεται ἐπιτήδειον."
390d,"ἀλλʼ εἴ πού τινες, ἦν δʼ ἐγώ, καρτερίαι πρὸς ἅπαντα καὶ λέγονται καὶ πράττονται ὑπὸ ἐλλογίμων ἀνδρῶν, θεατέον τε καὶ ἀκουστέον, οἷον καὶ τὸ— στῆθος δὲ πλήξας κραδίην ἠνίπαπε μύθῳ· τέτλαθι δή, κραδίη· καὶ κύντερον ἄλλο ποτʼ ἔτλης.  Hom. Od. 20.17-18
παντάπασι μὲν οὖν, ἔφη.
οὐ μὲν δὴ δωροδόκους γε ἐατέον εἶναι τοὺς ἄνδρας οὐδὲ φιλοχρημάτους."
390e,"οὐδαμῶς.
οὐδʼ ᾀστέον αὐτοῖς ὅτι— δῶρα θεοὺς πείθει, δῶρʼ αἰδοίους βασιλῆας·  unknown οὐδὲ τὸν τοῦ Ἀχιλλέως παιδαγωγὸν Φοίνικα ἐπαινετέον ὡς μετρίως ἔλεγε συμβουλεύων αὐτῷ δῶρα μὲν λαβόντι ἐπαμύνειν τοῖς Ἀχαιοῖς, ἄνευ δὲ δώρων μὴ ἀπαλλάττεσθαι τῆς μήνιος."
391a,"ἀπολύειν, ἄλλως δὲ μὴ ʼθέλειν.
οὔκουν δίκαιόν γε, ἔφη, ἐπαινεῖν τὰ τοιαῦτα.
ὀκνῶ δέ γε, ἦν δʼ ἐγώ, διʼ Ὅμηρον λέγειν ὅτι οὐδʼ ὅσιον ταῦτά γε κατὰ Ἀχιλλέως φάναι καὶ ἄλλων λεγόντων πείθεσθαι, καὶ αὖ ὡς πρὸς τὸν Ἀπόλλω εἶπεν— ἔβλαψάς μʼ ἑκάεργε, θεῶν ὀλοώτατε πάντων· ἦ σʼ ἂν τισαίμην, εἴ μοι δύναμίς γε παρείη·  Hom. Il. 22.15"
391b,"καὶ ὡς πρὸς τὸν ποταμόν, θεὸν ὄντα, ἀπειθῶς εἶχεν καὶ μάχεσθαι ἕτοιμος ἦν, καὶ αὖ τὰς τοῦ ἑτέρου ποταμοῦ Σπερχειοῦ ἱερὰς τρίχας Πατρόκλῳ ἥρωϊ, ἔφη, κόμην ὀπάσαιμι φέρεσθαι Hom. Il. 23.151, νεκρῷ ὄντι, καὶ ὡς ἔδρασεν τοῦτο, οὐ πειστέον· τάς τε αὖ Ἕκτορος ἕλξεις περὶ τὸ σῆμα τὸ Πατρόκλου καὶ τὰς τῶν ζωγρηθέντων σφαγὰς εἰς τὴν πυράν, σύμπαντα ταῦτα οὐ φήσομεν ἀληθῆ εἰρῆσθαι, οὐδʼ ἐάσομεν"
391c,"πείθεσθαι τοὺς ἡμετέρους ὡς Ἀχιλλεύς, θεᾶς ὢν παῖς καὶ Πηλέως, σωφρονεστάτου τε καὶ τρίτου ἀπὸ Διός, καὶ ὑπὸ τῷ σοφωτάτῳ Χείρωνι τεθραμμένος, τοσαύτης ἦν ταραχῆς πλέως, ὥστʼ ἔχειν ἐν αὑτῷ νοσήματε δύο ἐναντίω ἀλλήλοιν, ἀνελευθερίαν μετὰ φιλοχρηματίας καὶ αὖ ὑπερηφανίαν θεῶν τε καὶ ἀνθρώπων.
ὀρθῶς, ἔφη, λέγεις.
μὴ τοίνυν, ἦν δʼ ἐγώ, μηδὲ τάδε πειθώμεθα μηδʼ ἐῶμεν λέγειν, ὡς Θησεὺς Ποσειδῶνος ὑὸς Πειρίθους τε Διὸς"
391d,"ὥρμησαν οὕτως ἐπὶ δεινὰς ἁρπαγάς, μηδέ τινʼ ἄλλον θεοῦ παῖδά τε καὶ ἥρω τολμῆσαι ἂν δεινὰ καὶ ἀσεβῆ ἐργάσασθαι, οἷα νῦν καταψεύδονται αὐτῶν· ἀλλὰ προσαναγκάζωμεν τοὺς ποιητὰς ἢ μὴ τούτων αὐτὰ ἔργα φάναι ἢ τούτους μὴ εἶναι θεῶν παῖδας, ἀμφότερα δὲ μὴ λέγειν, μηδὲ ἡμῖν ἐπιχειρεῖν πείθειν τοὺς νέους ὡς οἱ θεοὶ κακὰ γεννῶσιν, καὶ ἥρωες ἀνθρώπων οὐδὲν βελτίους· ὅπερ γὰρ ἐν τοῖς πρόσθεν ἐλέγομεν,"
391e,"οὔθʼ ὅσια ταῦτα οὔτε ἀληθῆ· ἐπεδείξαμεν γάρ που ὅτι ἐκ θεῶν κακὰ γίγνεσθαι ἀδύνατον.
πῶς γὰρ οὔ;
καὶ μὴν τοῖς γε ἀκούουσιν βλαβερά· πᾶς γὰρ ἑαυτῷ συγγνώμην ἕξει κακῷ ὄντι, πεισθεὶς ὡς ἄρα τοιαῦτα πράττουσίν τε καὶ ἔπραττον καὶ—   οἱ θεῶν ἀγχίσποροι,  οἱ Ζηνὸς ἐγγύς, ὧν κατʼ Ἰδαῖον πάγον Διὸς πατρῴου βωμός ἐστʼ ἐν αἰθέρι,  Aesch. Niobe Fr. καὶ— οὔ πώ σφιν ἐξίτηλον αἷμα δαιμόνων.  Aesch. Niobe"
392a,"εὐχέρειαν ἐντίκτωσι τοῖς νέοις πονηρίας.
κομιδῇ μὲν οὖν, ἔφη.
τί οὖν, ἦν δʼ ἐγώ, ἡμῖν ἔτι λοιπὸν εἶδος λόγων πέρι ὁριζομένοις οἵους τε λεκτέον καὶ μή; περὶ γὰρ θεῶν ὡς δεῖ λέγεσθαι εἴρηται, καὶ περὶ δαιμόνων τε καὶ ἡρώων καὶ τῶν ἐν Ἅιδου.
πάνυ μὲν οὖν.
οὐκοῦν καὶ περὶ ἀνθρώπων τὸ λοιπὸν εἴη ἄν;
δῆλα δή.
ἀδύνατον δή, ὦ φίλε, ἡμῖν τοῦτό γε ἐν τῷ παρόντι τάξαι.
πῶς;
ὅτι οἶμαι ἡμᾶς ἐρεῖν ὡς ἄρα καὶ ποιηταὶ καὶ λογοποιοὶ"
392b,"κακῶς λέγουσιν περὶ ἀνθρώπων τὰ μέγιστα, ὅτι εἰσὶν ἄδικοι μὲν εὐδαίμονες πολλοί, δίκαιοι δὲ ἄθλιοι, καὶ ὡς λυσιτελεῖ τὸ ἀδικεῖν, ἐὰν λανθάνῃ, ἡ δὲ δικαιοσύνη ἀλλότριον μὲν ἀγαθόν, οἰκεία δὲ ζημία· καὶ τὰ μὲν τοιαῦτα ἀπερεῖν λέγειν, τὰ δʼ ἐναντία τούτων προστάξειν ᾄδειν τε καὶ μυθολογεῖν. ἢ οὐκ οἴει;
εὖ μὲν οὖν, ἔφη, οἶδα.
οὐκοῦν ἐὰν ὁμολογῇς ὀρθῶς με λέγειν, φήσω σε ὡμολογηκέναι ἃ πάλαι ζητοῦμεν;
ὀρθῶς, ἔφη, ὑπέλαβες."
392c,"οὐκοῦν περί γε ἀνθρώπων ὅτι τοιούτους δεῖ λόγους λέγεσθαι, τότε διομολογησόμεθα, ὅταν εὕρωμεν οἷόν ἐστιν δικαιοσύνη καὶ ὡς φύσει λυσιτελοῦν τῷ ἔχοντι, ἐάντε δοκῇ ἐάντε μὴ τοιοῦτος εἶναι;
ἀληθέστατα, ἔφη.
τὰ μὲν δὴ λόγων πέρι ἐχέτω τέλος· τὸ δὲ λέξεως, ὡς ἐγὼ οἶμαι, μετὰ τοῦτο σκεπτέον, καὶ ἡμῖν ἅ τε λεκτέον καὶ ὡς λεκτέον παντελῶς ἐσκέψεται.
καὶ ὁ Ἀδείμαντος, τοῦτο, ἦ δʼ ὅς, οὐ μανθάνω ὅτι λέγεις."
392d,"ἀλλὰ μέντοι, ἦν δʼ ἐγώ, δεῖ γε· ἴσως οὖν τῇδε μᾶλλον εἴσῃ. ἆρʼ οὐ πάντα ὅσα ὑπὸ μυθολόγων ἢ ποιητῶν λέγεται διήγησις οὖσα τυγχάνει ἢ γεγονότων ἢ ὄντων ἢ μελλόντων;
τί γάρ, ἔφη, ἄλλο;
ἆρʼ οὖν οὐχὶ ἤτοι ἁπλῇ διηγήσει ἢ διὰ μιμήσεως γιγνομένῃ ἢ διʼ ἀμφοτέρων περαίνουσιν;
καὶ τοῦτο, ἦ δʼ ὅς, ἔτι δέομαι σαφέστερον μαθεῖν.
γελοῖος, ἦν δʼ ἐγώ, ἔοικα διδάσκαλος εἶναι καὶ ἀσαφής· ὥσπερ οὖν οἱ ἀδύνατοι λέγειν, οὐ κατὰ ὅλον ἀλλʼ ἀπολαβὼν"
392e,μέρος τι πειράσομαί σοι ἐν τούτῳ δηλῶσαι ὃ βούλομαι.
393a,"οὐκ ἐτύγχανεν, κατεύχεσθαι τῶν Ἀχαιῶν πρὸς τὸν θεόν;
ἔγωγε.
οἶσθʼ οὖν ὅτι μέχρι μὲν τούτων τῶν ἐπῶν—   καὶ ἐλίσσετο πάντας Ἀχαιούς, Ἀτρείδα δὲ μάλιστα δύω, κοσμήτορε λαῶν  Hom. Il. 1.15 λέγει τε αὐτὸς ὁ ποιητὴς καὶ οὐδὲ ἐπιχειρεῖ ἡμῶν τὴν διάνοιαν ἄλλοσε τρέπειν ὡς ἄλλος τις ὁ λέγων ἢ αὐτός· τὰ δὲ μετὰ ταῦτα ὥσπερ αὐτὸς ὢν ὁ Χρύσης λέγει καὶ πειρᾶται"
393b,"ἡμᾶς ὅτι μάλιστα ποιῆσαι μὴ Ὅμηρον δοκεῖν εἶναι τὸν λέγοντα ἀλλὰ τὸν ἱερέα, πρεσβύτην ὄντα. καὶ τὴν ἄλλην δὴ πᾶσαν σχεδόν τι οὕτω πεποίηται διήγησιν περί τε τῶν ἐν Ἰλίῳ καὶ περὶ τῶν ἐν Ἰθάκῃ καὶ ὅλῃ Ὀδυσσείᾳ παθημάτων.
πάνυ μὲν οὖν, ἔφη.
οὐκοῦν διήγησις μέν ἐστιν καὶ ὅταν τὰς ῥήσεις ἑκάστοτε λέγῃ καὶ ὅταν τὰ μεταξὺ τῶν ῥήσεων;
πῶς γὰρ οὔ;"
393c,"ἀλλʼ ὅταν γέ τινα λέγῃ ῥῆσιν ὥς τις ἄλλος ὤν, ἆρʼ οὐ τότε ὁμοιοῦν αὐτὸν φήσομεν ὅτι μάλιστα τὴν αὑτοῦ λέξιν ἑκάστῳ ὃν ἂν προείπῃ ὡς ἐροῦντα;
φήσομεν· τί γάρ;
οὐκοῦν τό γε ὁμοιοῦν ἑαυτὸν ἄλλῳ ἢ κατὰ φωνὴν ἢ κατὰ σχῆμα μιμεῖσθαί ἐστιν ἐκεῖνον ᾧ ἄν τις ὁμοιοῖ;
τί μήν;
ἐν δὴ τῷ τοιούτῳ, ὡς ἔοικεν, οὗτός τε καὶ οἱ ἄλλοι ποιηταὶ διὰ μιμήσεως τὴν διήγησιν ποιοῦνται.
πάνυ μὲν οὖν.
εἰ δέ γε μηδαμοῦ ἑαυτὸν ἀποκρύπτοιτο ὁ ποιητής, πᾶσα"
393d,"ἂν αὐτῷ ἄνευ μιμήσεως ἡ ποίησίς τε καὶ διήγησις γεγονυῖα εἴη. ἵνα δὲ μὴ εἴπῃς ὅτι οὐκ αὖ μανθάνεις, ὅπως ἂν τοῦτο γένοιτο ἐγὼ φράσω. εἰ γὰρ Ὅμηρος εἰπὼν ὅτι ἦλθεν ὁ Χρύσης τῆς τε θυγατρὸς λύτρα φέρων καὶ ἱκέτης τῶν Ἀχαιῶν, μάλιστα δὲ τῶν βασιλέων, μετὰ τοῦτο μὴ ὡς Χρύσης γενόμενος ἔλεγεν ἀλλʼ ἔτι ὡς Ὅμηρος, οἶσθʼ ὅτι οὐκ ἂν μίμησις ἦν ἀλλὰ ἁπλῆ διήγησις. εἶχε δʼ ἂν ὧδε πως—φράσω δὲ ἄνευ μέτρου· οὐ γάρ εἰμι ποιητικός—ἐλθὼν"
393e,"ὁ ἱερεὺς ηὔχετο ἐκείνοις μὲν τοὺς θεοὺς δοῦναι ἑλόντας τὴν Τροίαν αὐτοὺς σωθῆναι, τὴν δὲ θυγατέρα οἱ λῦσαι δεξαμένους ἄποινα καὶ τὸν θεὸν αἰδεσθέντας."
394a,">ἵνα σῶς οἴκαδε ἔλθοι. ὁ δὲ πρεσβύτης ἀκούσας ἔδεισέν τε καὶ ἀπῄει σιγῇ, ἀποχωρήσας δὲ ἐκ τοῦ στρατοπέδου πολλὰ τῷ Ἀπόλλωνι ηὔχετο, τάς τε ἐπωνυμίας τοῦ θεοῦ ἀνακαλῶν καὶ ὑπομιμνῄσκων καὶ ἀπαιτῶν, εἴ τι πώποτε ἢ ἐν ναῶν οἰκοδομήσεσιν ἢ ἐν ἱερῶν θυσίαις κεχαρισμένον δωρήσαιτο· ὧν δὴ χάριν κατηύχετο τεῖσαι τοὺς Ἀχαιοὺς τὰ ἃ δάκρυα τοῖς ἐκείνου βέλεσιν. οὕτως, ἦν δʼ ἐγώ, ὦ ἑταῖρε, ἄνευ"
394b,"μιμήσεως ἁπλῆ διήγησις γίγνεται.
μανθάνω, ἔφη.
μάνθανε τοίνυν, ἦν δʼ ἐγώ, ὅτι ταύτης αὖ ἐναντία γίγνεται, ὅταν τις τὰ τοῦ ποιητοῦ τὰ μεταξὺ τῶν ῥήσεων ἐξαιρῶν τὰ ἀμοιβαῖα καταλείπῃ.
καὶ τοῦτο, ἔφη, μανθάνω, ὅτι ἔστιν τὸ περὶ τὰς τραγῳδίας τοιοῦτον.
ὀρθότατα, ἔφην, ὑπέλαβες, καὶ οἶμαί σοι ἤδη δηλοῦν ὃ ἔμπροσθεν οὐχ οἷός τʼ ἦ, ὅτι τῆς ποιήσεώς τε καὶ μυθολογίας"
394c,"ἡ μὲν διὰ μιμήσεως ὅλη ἐστίν, ὥσπερ σὺ λέγεις, τραγῳδία τε καὶ κωμῳδία, ἡ δὲ διʼ ἀπαγγελίας αὐτοῦ τοῦ ποιητοῦ—εὕροις δʼ ἂν αὐτὴν μάλιστά που ἐν διθυράμβοις— ἡ δʼ αὖ διʼ ἀμφοτέρων ἔν τε τῇ τῶν ἐπῶν ποιήσει, πολλαχοῦ δὲ καὶ ἄλλοθι, εἴ μοι μανθάνεις.
ἀλλὰ συνίημι, ἔφη, ὃ τότε ἐβούλου λέγειν.
καὶ τὸ πρὸ τούτου δὴ ἀναμνήσθητι, ὅτι ἔφαμεν ἃ μὲν λεκτέον ἤδη εἰρῆσθαι, ὡς δὲ λεκτέον ἔτι σκεπτέον εἶναι.
ἀλλὰ μέμνημαι."
394d,"τοῦτο τοίνυν αὐτὸ ἦν ὃ ἔλεγον, ὅτι χρείη διομολογήσασθαι πότερον ἐάσομεν τοὺς ποιητὰς μιμουμένους ἡμῖν τὰς διηγήσεις ποιεῖσθαι ἢ τὰ μὲν μιμουμένους, τὰ δὲ μή, καὶ ὁποῖα ἑκάτερα, ἢ οὐδὲ μιμεῖσθαι.
μαντεύομαι, ἔφη, σκοπεῖσθαί σε εἴτε παραδεξόμεθα τραγῳδίαν τε καὶ κωμῳδίαν εἰς τὴν πόλιν, εἴτε καὶ οὔ.
ἴσως, ἦν δʼ ἐγώ, ἴσως δὲ καὶ πλείω ἔτι τούτων· οὐ γὰρ δὴ ἔγωγέ πω οἶδα, ἀλλʼ ὅπῃ ἂν ὁ λόγος ὥσπερ πνεῦμα φέρῃ, ταύτῃ ἰτέον.
καὶ καλῶς γʼ, ἔφη, λέγεις."
394e,"τόδε τοίνυν, ὦ Ἀδείμαντε, ἄθρει, πότερον μιμητικοὺς ἡμῖν δεῖ εἶναι τοὺς φύλακας ἢ οὔ· ἢ καὶ τοῦτο τοῖς ἔμπροσθεν ἕπεται, ὅτι εἷς ἕκαστος ἓν μὲν ἂν ἐπιτήδευμα καλῶς ἐπιτηδεύοι, πολλὰ δʼ οὔ, ἀλλʼ εἰ τοῦτο ἐπιχειροῖ, πολλῶν ἐφαπτόμενος πάντων ἀποτυγχάνοι ἄν, ὥστʼ εἶναί που ἐλλόγιμος;
τί δʼ οὐ μέλλει;
οὐκοῦν καὶ περὶ μιμήσεως ὁ αὐτὸς λόγος, ὅτι πολλὰ ὁ αὐτὸς μιμεῖσθαι εὖ ὥσπερ ἓν οὐ δυνατός;
οὐ γὰρ οὖν."
395a,"σχολῇ ἄρα ἐπιτηδεύσει γέ τι ἅμα τῶν ἀξίων λόγου ἐπιτηδευμάτων καὶ πολλὰ μιμήσεται καὶ ἔσται μιμητικός, ἐπεί που οὐδὲ τὰ δοκοῦντα ἐγγὺς ἀλλήλων εἶναι δύο μιμήματα δύνανται οἱ αὐτοὶ ἅμα εὖ μιμεῖσθαι, οἷον κωμῳδίαν καὶ τραγῳδίαν ποιοῦντες. ἢ οὐ μιμήματε ἄρτι τούτω ἐκάλεις;
ἔγωγε· καὶ ἀληθῆ γε λέγεις, ὅτι οὐ δύνανται οἱ αὐτοί.
οὐδὲ μὴν ῥαψῳδοί γε καὶ ὑποκριταὶ ἅμα.
ἀληθῆ.
ἀλλʼ οὐδέ τοι ὑποκριταὶ κωμῳδοῖς τε καὶ τραγῳδοῖς οἱ"
395b,"αὐτοί· πάντα δὲ ταῦτα μιμήματα. ἢ οὔ;
μιμήματα.
καὶ ἔτι γε τούτων, ὦ Ἀδείμαντε, φαίνεταί μοι εἰς σμικρότερα κατακεκερματίσθαι ἡ τοῦ ἀνθρώπου φύσις, ὥστε ἀδύνατος εἶναι πολλὰ καλῶς μιμεῖσθαι ἢ αὐτὰ ἐκεῖνα πράττειν ὧν δὴ καὶ τὰ μιμήματά ἐστιν ἀφομοιώματα.
ἀληθέστατα, ἦ δʼ ὅς.
εἰ ἄρα τὸν πρῶτον λόγον διασώσομεν, τοὺς φύλακας ἡμῖν τῶν ἄλλων πασῶν δημιουργιῶν ἀφειμένους δεῖν εἶναι"
395c,"δημιουργοὺς ἐλευθερίας τῆς πόλεως πάνυ ἀκριβεῖς καὶ μηδὲν ἄλλο ἐπιτηδεύειν ὅτι μὴ εἰς τοῦτο φέρει, οὐδὲν δὴ δέοι ἂν αὐτοὺς ἄλλο πράττειν οὐδὲ μιμεῖσθαι· ἐὰν δὲ μιμῶνται, μιμεῖσθαι τὰ τούτοις προσήκοντα εὐθὺς ἐκ παίδων, ἀνδρείους, σώφρονας, ὁσίους, ἐλευθέρους, καὶ τὰ τοιαῦτα πάντα, τὰ δὲ ἀνελεύθερα μήτε ποιεῖν μήτε δεινοὺς εἶναι μιμήσασθαι, μηδὲ ἄλλο μηδὲν τῶν αἰσχρῶν, ἵνα μὴ ἐκ τῆς μιμήσεως τοῦ εἶναι"
395d,"ἀπολαύσωσιν. ἢ οὐκ ᾔσθησαι ὅτι αἱ μιμήσεις, ἐὰν ἐκ νέων πόρρω διατελέσωσιν, εἰς ἔθη τε καὶ φύσιν καθίστανται καὶ κατὰ σῶμα καὶ φωνὰς καὶ κατὰ τὴν διάνοιαν;
καὶ μάλα, ἦ δʼ ὅς.
οὐ δὴ ἐπιτρέψομεν, ἦν δʼ ἐγώ, ὧν φαμὲν κήδεσθαι καὶ δεῖν αὐτοὺς ἄνδρας ἀγαθοὺς γενέσθαι, γυναῖκα μιμεῖσθαι ἄνδρας ὄντας, ἢ νέαν ἢ πρεσβυτέραν, ἢ ἀνδρὶ λοιδορουμένην ἢ πρὸς θεοὺς ἐρίζουσάν τε καὶ μεγαλαυχουμένην, οἰομένην"
395e,"εὐδαίμονα εἶναι, ἢ ἐν συμφοραῖς τε καὶ πένθεσιν καὶ θρήνοις ἐχομένην· κάμνουσαν δὲ ἢ ἐρῶσαν ἢ ὠδίνουσαν, πολλοῦ καὶ δεήσομεν.
παντάπασι μὲν οὖν, ἦ δʼ ὅς.
οὐδέ γε δούλας τε καὶ δούλους πράττοντας ὅσα δούλων.
οὐδὲ τοῦτο."
396a,"καὶ νήφοντας, ἢ καὶ ἄλλα ὅσα οἱ τοιοῦτοι καὶ ἐν λόγοις καὶ ἐν ἔργοις ἁμαρτάνουσιν εἰς αὑτούς τε καὶ εἰς ἄλλους, οἶμαι δὲ οὐδὲ μαινομένοις ἐθιστέον ἀφομοιοῦν αὑτοὺς ἐν λόγοις οὐδὲ ἐν ἔργοις· γνωστέον μὲν γὰρ καὶ μαινομένους καὶ πονηροὺς ἄνδρας τε καὶ γυναῖκας, ποιητέον δὲ οὐδὲν τούτων οὐδὲ μιμητέον.
ἀληθέστατα, ἔφη.
τί δέ; ἦν δʼ ἐγώ· χαλκεύοντας ἤ τι ἄλλο δημιουργοῦντας,"
396b,"ἢ ἐλαύνοντας τριήρεις ἢ κελεύοντας τούτοις, ἤ τι ἄλλο τῶν περὶ ταῦτα μιμητέον;
καὶ πῶς; ἔφη, οἷς γε οὐδὲ προσέχειν τὸν νοῦν τούτων οὐδενὶ ἐξέσται;
τί δέ; ἵππους χρεμετίζοντας καὶ ταύρους μυκωμένους καὶ ποταμοὺς ψοφοῦντας καὶ θάλατταν κτυποῦσαν καὶ βροντὰς καὶ πάντα αὖ τὰ τοιαῦτα ἦ μιμήσονται;
ἀλλʼ ἀπείρηται αὐτοῖς, ἔφη, μήτε μαίνεσθαι μήτε μαινομένοις ἀφομοιοῦσθαι.
εἰ ἄρα, ἦν δʼ ἐγώ, μανθάνω ἃ σὺ λέγεις, ἔστιν τι εἶδος λέξεώς τε καὶ διηγήσεως ἐν ᾧ ἂν διηγοῖτο ὁ τῷ ὄντι καλὸς"
396c,"κἀγαθός, ὁπότε τι δέοι αὐτὸν λέγειν, καὶ ἕτερον αὖ ἀνόμοιον τούτῳ εἶδος, οὗ ἂν ἔχοιτο ἀεὶ καὶ ἐν ᾧ διηγοῖτο ὁ ἐναντίως ἐκείνῳ φύς τε καὶ τραφείς.
ποῖα δή, ἔφη, ταῦτα;
ὁ μέν μοι δοκεῖ, ἦν δʼ ἐγώ, μέτριος ἀνήρ, ἐπειδὰν ἀφίκηται ἐν τῇ διηγήσει ἐπὶ λέξιν τινὰ ἢ πρᾶξιν ἀνδρὸς ἀγαθοῦ, ἐθελήσειν ὡς αὐτὸς ὢν ἐκεῖνος ἀπαγγέλλειν καὶ οὐκ αἰσχυνεῖσθαι ἐπὶ τῇ τοιαύτῃ μιμήσει, μάλιστα μὲν μιμούμενος"
396d,"τὸν ἀγαθὸν ἀσφαλῶς τε καὶ ἐμφρόνως πράττοντα, ἐλάττω δὲ καὶ ἧττον ἢ ὑπὸ νόσων ἢ ὑπὸ ἐρώτων ἐσφαλμένον ἢ καὶ ὑπὸ μέθης ἤ τινος ἄλλης συμφορᾶς· ὅταν δὲ γίγνηται κατά τινα ἑαυτοῦ ἀνάξιον, οὐκ ἐθελήσειν σπουδῇ ἀπεικάζειν ἑαυτὸν τῷ χείρονι, εἰ μὴ ἄρα κατὰ βραχύ, ὅταν τι χρηστὸν ποιῇ, ἀλλʼ αἰσχυνεῖσθαι, ἅμα μὲν ἀγύμναστος ὢν τοῦ μιμεῖσθαι τοὺς τοιούτους, ἅμα δὲ καὶ δυσχεραίνων αὑτὸν ἐκμάττειν τε καὶ"
396e,"ἐνιστάναι εἰς τοὺς τῶν κακιόνων τύπους, ἀτιμάζων τῇ διανοίᾳ, ὅτι μὴ παιδιᾶς χάριν.
εἰκός, ἔφη.
οὐκοῦν διηγήσει χρήσεται οἵᾳ ἡμεῖς ὀλίγον πρότερον διήλθομεν περὶ τὰ τοῦ Ὁμήρου ἔπη, καὶ ἔσται αὐτοῦ ἡ λέξις μετέχουσα μὲν ἀμφοτέρων, μιμήσεώς τε καὶ τῆς ἄλλης διηγήσεως, σμικρὸν δέ τι μέρος ἐν πολλῷ λόγῳ τῆς μιμήσεως; ἢ οὐδὲν λέγω;
καὶ μάλα, ἔφη, οἷόν γε ἀνάγκη τὸν τύπον εἶναι τοῦ τοιούτου ῥήτορος."
397a,"οὐκοῦν, ἦν δʼ ἐγώ, ὁ μὴ τοιοῦτος αὖ, ὅσῳ ἂν φαυλότερος ᾖ, πάντα τε μᾶλλον διηγήσεται καὶ οὐδὲν ἑαυτοῦ ἀνάξιον οἰήσεται εἶναι, ὥστε πάντα ἐπιχειρήσει μιμεῖσθαι σπουδῇ τε καὶ ἐναντίον πολλῶν, καὶ ἃ νυνδὴ ἐλέγομεν, βροντάς τε καὶ ψόφους ἀνέμων τε καὶ χαλαζῶν καὶ ἀξόνων τε καὶ τροχιλιῶν, καὶ σαλπίγγων καὶ αὐλῶν καὶ συρίγγων καὶ πάντων ὀργάνων φωνάς, καὶ ἔτι κυνῶν καὶ προβάτων καὶ ὀρνέων φθόγγους·"
397b,"καὶ ἔσται δὴ ἡ τούτου λέξις ἅπασα διὰ μιμήσεως φωναῖς τε καὶ σχήμασιν, ἢ σμικρόν τι διηγήσεως ἔχουσα;
ἀνάγκη, ἔφη, καὶ τοῦτο.
ταῦτα τοίνυν, ἦν δʼ ἐγώ, ἔλεγον τὰ δύο εἴδη τῆς λέξεως.
καὶ γὰρ ἔστιν, ἔφη.
οὐκοῦν αὐτοῖν τὸ μὲν σμικρὰς τὰς μεταβολὰς ἔχει, καὶ ἐάν τις ἀποδιδῷ πρέπουσαν ἁρμονίαν καὶ ῥυθμὸν τῇ λέξει, ὀλίγου πρὸς τὴν αὐτὴν γίγνεται λέγειν τῷ ὀρθῶς λέγοντι καὶ ἐν μιᾷ ἁρμονίᾳ—σμικραὶ γὰρ αἱ μεταβολαί—καὶ δὴ καὶ ἐν"
397c,"ῥυθμῷ ὡσαύτως παραπλησίῳ τινί;
κομιδῇ μὲν οὖν, ἔφη, οὕτως ἔχει.
τί δὲ τὸ τοῦ ἑτέρου εἶδος; οὐ τῶν ἐναντίων δεῖται, πασῶν μὲν ἁρμονιῶν, πάντων δὲ ῥυθμῶν, εἰ μέλλει αὖ οἰκείως λέγεσθαι, διὰ τὸ παντοδαπὰς μορφὰς τῶν μεταβολῶν ἔχειν;
καὶ σφόδρα γε οὕτως ἔχει.
ἆρʼ οὖν πάντες οἱ ποιηταὶ καὶ οἵ τι λέγοντες ἢ τῷ ἑτέρῳ τούτων ἐπιτυγχάνουσιν τύπῳ τῆς λέξεως ἢ τῷ ἑτέρῳ ἢ ἐξ ἀμφοτέρων τινὶ συγκεραννύντες;
ἀνάγκη, ἔφη."
397d,"τί οὖν ποιήσομεν; ἦν δʼ ἐγώ· πότερον εἰς τὴν πόλιν πάντας τούτους παραδεξόμεθα ἢ τῶν ἀκράτων τὸν ἕτερον ἢ τὸν κεκραμένον;
ἐὰν ἡ ἐμή, ἔφη, νικᾷ, τὸν τοῦ ἐπιεικοῦς μιμητὴν ἄκρατον.
ἀλλὰ μήν, ὦ Ἀδείμαντε, ἡδύς γε καὶ ὁ κεκραμένος, πολὺ δὲ ἥδιστος παισί τε καὶ παιδαγωγοῖς ὁ ἐναντίος οὗ σὺ αἱρῇ καὶ τῷ πλείστῳ ὄχλῳ.
ἥδιστος γάρ.
ἀλλʼ ἴσως, ἦν δʼ ἐγώ, οὐκ ἂν αὐτὸν ἁρμόττειν φαίης τῇ"
397e,"ἡμετέρᾳ πολιτείᾳ, ὅτι οὐκ ἔστιν διπλοῦς ἀνὴρ παρʼ ἡμῖν οὐδὲ πολλαπλοῦς, ἐπειδὴ ἕκαστος ἓν πράττει.
οὐ γὰρ οὖν ἁρμόττει.
οὐκοῦν διὰ ταῦτα ἐν μόνῃ τῇ τοιαύτῃ πόλει τόν τε σκυτοτόμον σκυτοτόμον εὑρήσομεν καὶ οὐ κυβερνήτην πρὸς τῇ σκυτοτομίᾳ, καὶ τὸν γεωργὸν γεωργὸν καὶ οὐ δικαστὴν πρὸς τῇ γεωργίᾳ, καὶ τὸν πολεμικὸν πολεμικὸν καὶ οὐ χρηματιστὴν πρὸς τῇ πολεμικῇ, καὶ πάντας οὕτω;
ἀληθῆ, ἔφη."
398a,"ἄνδρα δή, ὡς ἔοικε, δυνάμενον ὑπὸ σοφίας παντοδαπὸν γίγνεσθαι καὶ μιμεῖσθαι πάντα χρήματα, εἰ ἡμῖν ἀφίκοιτο εἰς τὴν πόλιν αὐτός τε καὶ τὰ ποιήματα βουλόμενος ἐπιδείξασθαι, προσκυνοῖμεν ἂν αὐτὸν ὡς ἱερὸν καὶ θαυμαστὸν καὶ ἡδύν, εἴποιμεν δʼ ἂν ὅτι οὐκ ἔστιν τοιοῦτος ἀνὴρ ἐν τῇ πόλει παρʼ ἡμῖν οὔτε θέμις ἐγγενέσθαι, ἀποπέμποιμέν τε εἰς ἄλλην πόλιν μύρον κατὰ τῆς κεφαλῆς καταχέαντες καὶ ἐρίῳ στέψαντες, αὐτοὶ δʼ ἂν τῷ αὐστηροτέρῳ καὶ ἀηδεστέρῳ ποιητῇ"
398b,"χρῴμεθα καὶ μυθολόγῳ ὠφελίας ἕνεκα, ὃς ἡμῖν τὴν τοῦ ἐπιεικοῦς λέξιν μιμοῖτο καὶ τὰ λεγόμενα λέγοι ἐν ἐκείνοις τοῖς τύποις οἷς κατʼ ἀρχὰς ἐνομοθετησάμεθα, ὅτε τοὺς στρατιώτας ἐπεχειροῦμεν παιδεύειν.
καὶ μάλʼ, ἔφη, οὕτως ἂν ποιοῖμεν, εἰ ἐφʼ ἡμῖν εἴη.
νῦν δή, εἶπον ἐγώ, ὦ φίλε, κινδυνεύει ἡμῖν τῆς μουσικῆς τὸ περὶ λόγους τε καὶ μύθους παντελῶς διαπεπεράνθαι· ἅ τε γὰρ λεκτέον καὶ ὡς λεκτέον εἴρηται.
καὶ αὐτῷ μοι δοκεῖ, ἔφη."
398c,"οὐκοῦν μετὰ τοῦτο, ἦν δʼ ἐγώ, τὸ περὶ ᾠδῆς τρόπου καὶ μελῶν λοιπόν;
δῆλα δή.
ἆρʼ οὖν οὐ πᾶς ἤδη ἂν εὕροι ἃ ἡμῖν λεκτέον περὶ αὐτῶν οἷα δεῖ εἶναι, εἴπερ μέλλομεν τοῖς προειρημένοις συμφωνήσειν;
καὶ ὁ Γλαύκων ἐπιγελάσας, ἐγὼ τοίνυν, ἔφη, ὦ Σώκρατες, κινδυνεύω ἐκτὸς τῶν πάντων εἶναι· οὔκουν ἱκανῶς γε ἔχω ἐν τῷ παρόντι συμβαλέσθαι ποῖα ἄττα δεῖ ἡμᾶς λέγειν· ὑποπτεύω μέντοι.
πάντως δήπου, ἦν δʼ ἐγώ, πρῶτον μὲν τόδε ἱκανῶς ἔχεις"
398d,"λέγειν, ὅτι τὸ μέλος ἐκ τριῶν ἐστιν συγκείμενον, λόγου τε καὶ ἁρμονίας καὶ ῥυθμοῦ.
ναί, ἔφη, τοῦτό γε.
οὐκοῦν ὅσον γε αὐτοῦ λόγος ἐστίν, οὐδὲν δήπου διαφέρει τοῦ μὴ ᾀδομένου λόγου πρὸς τὸ ἐν τοῖς αὐτοῖς δεῖν τύποις λέγεσθαι οἷς ἄρτι προείπομεν καὶ ὡσαύτως;
ἀληθῆ, ἔφη.
καὶ μὴν τήν γε ἁρμονίαν καὶ ῥυθμὸν ἀκολουθεῖν δεῖ τῷ λόγῳ.
πῶς δʼ οὔ;
ἀλλὰ μέντοι θρήνων γε καὶ ὀδυρμῶν ἔφαμεν ἐν λόγοις οὐδὲν προσδεῖσθαι.
οὐ γὰρ οὖν."
398e,"τίνες οὖν θρηνώδεις ἁρμονίαι; λέγε μοι· σὺ γὰρ μουσικός.
μειξολυδιστί, ἔφη, καὶ συντονολυδιστὶ καὶ τοιαῦταί τινες.
οὐκοῦν αὗται, ἦν δʼ ἐγώ, ἀφαιρετέαι; ἄχρηστοι γὰρ καὶ γυναιξὶν ἃς δεῖ ἐπιεικεῖς εἶναι, μὴ ὅτι ἀνδράσι.
πάνυ γε.
ἀλλὰ μὴν μέθη γε φύλαξιν ἀπρεπέστατον καὶ μαλακία καὶ ἀργία.
πῶς γὰρ οὔ;
τίνες οὖν μαλακαί τε καὶ συμποτικαὶ τῶν ἁρμονιῶν;
ἰαστί, ἦ δʼ ὅς, καὶ λυδιστὶ αὖ τινες χαλαραὶ καλοῦνται."
399a,"ταύταις οὖν, ὦ φίλε, ἐπὶ πολεμικῶν ἀνδρῶν ἔσθʼ ὅτι χρήσῃ;
οὐδαμῶς, ἔφη· ἀλλὰ κινδυνεύει σοι δωριστὶ λείπεσθαι καὶ φρυγιστί.
οὐκ οἶδα, ἔφην ἐγώ, τὰς ἁρμονίας, ἀλλὰ κατάλειπε ἐκείνην τὴν ἁρμονίαν, ἣ ἔν τε πολεμικῇ πράξει ὄντος ἀνδρείου καὶ ἐν πάσῃ βιαίῳ ἐργασίᾳ πρεπόντως ἂν μιμήσαιτο φθόγγους τε καὶ προσῳδίας, καὶ ἀποτυχόντος ἢ εἰς τραύματα ἢ εἰς"
399b,"θανάτους ἰόντος ἢ εἴς τινα ἄλλην συμφορὰν πεσόντος, ἐν πᾶσι τούτοις παρατεταγμένως καὶ καρτερούντως ἀμυνομένου τὴν τύχην· καὶ ἄλλην αὖ ἐν εἰρηνικῇ τε καὶ μὴ βιαίῳ ἀλλʼ ἐν ἑκουσίᾳ πράξει ὄντος, ἢ τινά τι πείθοντός τε καὶ δεομένου, ἢ εὐχῇ θεὸν ἢ διδαχῇ καὶ νουθετήσει ἄνθρωπον, ἢ τοὐναντίον ἄλλῳ δεομένῳ ἢ διδάσκοντι ἢ μεταπείθοντι ἑαυτὸν ἐπέχοντα, καὶ ἐκ τούτων πράξαντα κατὰ νοῦν, καὶ μὴ ὑπερηφάνως ἔχοντα, ἀλλὰ σωφρόνως τε καὶ μετρίως ἐν πᾶσι τούτοις"
399c,"πράττοντά τε καὶ τὰ ἀποβαίνοντα ἀγαπῶντα. ταύτας δύο ἁρμονίας, βίαιον, ἑκούσιον, δυστυχούντων, εὐτυχούντων, σωφρόνων, ἀνδρείων ἁρμονίας αἵτινες φθόγγους μιμήσονται κάλλιστα, ταύτας λεῖπε.
ἀλλʼ, ἦ δʼ ὅς, οὐκ ἄλλας αἰτεῖς λείπειν ἢ ἃς νυνδὴ ἐγὼ ἔλεγον.
οὐκ ἄρα, ἦν δʼ ἐγώ, πολυχορδίας γε οὐδὲ παναρμονίου ἡμῖν δεήσει ἐν ταῖς ᾠδαῖς τε καὶ μέλεσιν.
οὔ μοι, ἔφη, φαίνεται.
τριγώνων ἄρα καὶ πηκτίδων καὶ πάντων ὀργάνων ὅσα"
399d,"πολύχορδα καὶ πολυαρμόνια, δημιουργοὺς οὐ θρέψομεν.
οὐ φαινόμεθα.
τί δέ; αὐλοποιοὺς ἢ αὐλητὰς παραδέξῃ εἰς τὴν πόλιν; ἢ οὐ τοῦτο πολυχορδότατον, καὶ αὐτὰ τὰ παναρμόνια αὐλοῦ τυγχάνει ὄντα μίμημα;
δῆλα δή, ἦ δʼ ὅς.
λύρα δή σοι, ἦν δʼ ἐγώ, καὶ κιθάρα λείπεται καὶ κατὰ πόλιν χρήσιμα· καὶ αὖ κατʼ ἀγροὺς τοῖς νομεῦσι σῦριγξ ἄν τις εἴη.
ὡς γοῦν, ἔφη, ὁ λόγος ἡμῖν σημαίνει."
399e,"οὐδέν γε, ἦν δʼ ἐγώ, καινὸν ποιοῦμεν, ὦ φίλε, κρίνοντες τὸν Ἀπόλλω καὶ τὰ τοῦ Ἀπόλλωνος ὄργανα πρὸ Μαρσύου τε καὶ τῶν ἐκείνου ὀργάνων.
μὰ Δία, ἦ δʼ ὅς, οὔ μοι φαινόμεθα.
καὶ νὴ τὸν κύνα, εἶπον, λελήθαμέν γε διακαθαίροντες πάλιν ἣν ἄρτι τρυφᾶν ἔφαμεν πόλιν.
σωφρονοῦντές γε ἡμεῖς, ἦ δʼ ὅς.
ἴθι δή, ἔφην, καὶ τὰ λοιπὰ καθαίρωμεν."
400a,"πόδα τῷ τοῦ τοιούτου λόγῳ ἀναγκάζειν ἕπεσθαι καὶ τὸ μέλος, ἀλλὰ μὴ λόγον ποδί τε καὶ μέλει. οἵτινες δʼ ἂν εἶεν οὗτοι οἱ ῥυθμοί, σὸν ἔργον, ὥσπερ τὰς ἁρμονίας, φράσαι.
ἀλλὰ μὰ Δίʼ, ἔφη, οὐκ ἔχω λέγειν. ὅτι μὲν γὰρ τρίʼ ἄττα ἐστὶν εἴδη ἐξ ὧν αἱ βάσεις πλέκονται, ὥσπερ ἐν τοῖς φθόγγοις τέτταρα, ὅθεν αἱ πᾶσαι ἁρμονίαι, τεθεαμένος ἂν εἴποιμι· ποῖα δὲ ὁποίου βίου μιμήματα, λέγειν οὐκ ἔχω."
400b,"ἀλλὰ ταῦτα μέν, ἦν δʼ ἐγώ, καὶ μετὰ Δάμωνος βουλευσόμεθα, τίνες τε ἀνελευθερίας καὶ ὕβρεως ἢ μανίας καὶ ἄλλης κακίας πρέπουσαι βάσεις, καὶ τίνας τοῖς ἐναντίοις λειπτέον ῥυθμούς· οἶμαι δέ με ἀκηκοέναι οὐ σαφῶς ἐνόπλιόν τέ τινα ὀνομάζοντος αὐτοῦ σύνθετον καὶ δάκτυλον καὶ ἡρῷόν γε, οὐκ οἶδα ὅπως διακοσμοῦντος καὶ ἴσον ἄνω καὶ κάτω τιθέντος, εἰς βραχύ τε καὶ μακρὸν γιγνόμενον, καί, ὡς ἐγὼ οἶμαι, ἴαμβον καί τινʼ ἄλλον τροχαῖον ὠνόμαζε, μήκη δὲ καὶ"
400c,"βραχύτητας προσῆπτε. καὶ τούτων τισὶν οἶμαι τὰς ἀγωγὰς τοῦ ποδὸς αὐτὸν οὐχ ἧττον ψέγειν τε καὶ ἐπαινεῖν ἢ τοὺς ῥυθμοὺς αὐτούς—ἤτοι συναμφότερόν τι· οὐ γὰρ ἔχω λέγειν —ἀλλὰ ταῦτα μέν, ὥσπερ εἶπον, εἰς Δάμωνα ἀναβεβλήσθω· διελέσθαι γὰρ οὐ σμικροῦ λόγου. ἢ σὺ οἴει;
μὰ Δίʼ, οὐκ ἔγωγε.
ἀλλὰ τόδε γε, ὅτι τὸ τῆς εὐσχημοσύνης τε καὶ ἀσχημοσύνης τῷ εὐρύθμῳ τε καὶ ἀρρύθμῳ ἀκολουθεῖ, δύνασαι διελέσθαι;
πῶς δʼ οὔ;"
400d,"ἀλλὰ μὴν τὸ εὔρυθμόν γε καὶ τὸ ἄρρυθμον τὸ μὲν τῇ καλῇ λέξει ἕπεται ὁμοιούμενον, τὸ δὲ τῇ ἐναντίᾳ, καὶ τὸ εὐάρμοστον καὶ ἀνάρμοστον ὡσαύτως, εἴπερ ῥυθμός γε καὶ ἁρμονία λόγῳ, ὥσπερ ἄρτι ἐλέγετο, ἀλλὰ μὴ λόγος τούτοις.
ἀλλὰ μήν, ἦ δʼ ὅς, ταῦτά γε λόγῳ ἀκολουθητέον.
τί δʼ ὁ τρόπος τῆς λέξεως, ἦν δʼ ἐγώ, καὶ ὁ λόγος; οὐ τῷ τῆς ψυχῆς ἤθει ἕπεται;
πῶς γὰρ οὔ;
τῇ δὲ λέξει τὰ ἄλλα;
ναί.
εὐλογία ἄρα καὶ εὐαρμοστία καὶ εὐσχημοσύνη καὶ εὐρυθμία"
400e,"εὐηθείᾳ ἀκολουθεῖ, οὐχ ἣν ἄνοιαν οὖσαν ὑποκοριζόμενοι καλοῦμεν ὡς εὐήθειαν, ἀλλὰ τὴν ὡς ἀληθῶς εὖ τε καὶ καλῶς τὸ ἦθος κατεσκευασμένην διάνοιαν.
παντάπασι μὲν οὖν, ἔφη.
ἆρʼ οὖν οὐ πανταχοῦ ταῦτα διωκτέα τοῖς νέοις, εἰ μέλλουσι τὸ αὑτῶν πράττειν;
διωκτέα μὲν οὖν."
401a,"ἔστιν δέ γέ που πλήρης μὲν γραφικὴ αὐτῶν καὶ πᾶσα ἡ τοιαύτη δημιουργία, πλήρης δὲ ὑφαντικὴ καὶ ποικιλία καὶ οἰκοδομία καὶ πᾶσα αὖ ἡ τῶν ἄλλων σκευῶν ἐργασία, ἔτι δὲ ἡ τῶν σωμάτων φύσις καὶ ἡ τῶν ἄλλων φυτῶν· ἐν πᾶσι γὰρ τούτοις ἔνεστιν εὐσχημοσύνη ἢ ἀσχημοσύνη. καὶ ἡ μὲν ἀσχημοσύνη καὶ ἀρρυθμία καὶ ἀναρμοστία κακολογίας καὶ κακοηθείας ἀδελφά, τὰ δʼ ἐναντία τοῦ ἐναντίου, σώφρονός τε καὶ ἀγαθοῦ ἤθους, ἀδελφά τε καὶ μιμήματα.
παντελῶς μὲν οὖν, ἔφη."
401b,"ἆρʼ οὖν τοῖς ποιηταῖς ἡμῖν μόνον ἐπιστατητέον καὶ προσαναγκαστέον τὴν τοῦ ἀγαθοῦ εἰκόνα ἤθους ἐμποιεῖν τοῖς ποιήμασιν ἢ μὴ παρʼ ἡμῖν ποιεῖν, ἢ καὶ τοῖς ἄλλοις δημιουργοῖς ἐπιστατητέον καὶ διακωλυτέον τὸ κακόηθες τοῦτο καὶ ἀκόλαστον καὶ ἀνελεύθερον καὶ ἄσχημον μήτε ἐν εἰκόσι ζῴων μήτε ἐν οἰκοδομήμασι μήτε ἐν ἄλλῳ μηδενὶ δημιουργουμένῳ ἐμποιεῖν, ἢ ὁ μὴ οἷός τε ὢν οὐκ ἐατέος παρʼ ἡμῖν δημιουργεῖν, ἵνα μὴ ἐν κακίας εἰκόσι τρεφόμενοι ἡμῖν οἱ"
401c,"φύλακες ὥσπερ ἐν κακῇ βοτάνῃ, πολλὰ ἑκάστης ἡμέρας κατὰ σμικρὸν ἀπὸ πολλῶν δρεπόμενοί τε καὶ νεμόμενοι, ἕν τι συνιστάντες λανθάνωσιν κακὸν μέγα ἐν τῇ αὑτῶν ψυχῇ, ἀλλʼ ἐκείνους ζητητέον τοὺς δημιουργοὺς τοὺς εὐφυῶς δυναμένους ἰχνεύειν τὴν τοῦ καλοῦ τε καὶ εὐσχήμονος φύσιν, ἵνα ὥσπερ ἐν ὑγιεινῷ τόπῳ οἰκοῦντες οἱ νέοι ἀπὸ παντὸς ὠφελῶνται, ὁπόθεν ἂν αὐτοῖς ἀπὸ τῶν καλῶν ἔργων ἢ πρὸς ὄψιν ἢ πρὸς ἀκοήν τι προσβάλῃ, ὥσπερ αὔρα φέρουσα ἀπὸ"
401d,"χρηστῶν τόπων ὑγίειαν, καὶ εὐθὺς ἐκ παίδων λανθάνῃ εἰς ὁμοιότητά τε καὶ φιλίαν καὶ συμφωνίαν τῷ καλῷ λόγῳ ἄγουσα;
πολὺ γὰρ ἄν, ἔφη, κάλλιστα οὕτω τραφεῖεν.
ἆρʼ οὖν, ἦν δʼ ἐγώ, ὦ Γλαύκων, τούτων ἕνεκα κυριωτάτη ἐν μουσικῇ τροφή, ὅτι μάλιστα καταδύεται εἰς τὸ ἐντὸς τῆς ψυχῆς ὅ τε ῥυθμὸς καὶ ἁρμονία, καὶ ἐρρωμενέστατα ἅπτεται αὐτῆς φέροντα τὴν εὐσχημοσύνην, καὶ ποιεῖ εὐσχήμονα,"
401e,"ἐάν τις ὀρθῶς τραφῇ, εἰ δὲ μή, τοὐναντίον;"
402a,"γίγνοιτο καλός τε κἀγαθός, τὰ δʼ αἰσχρὰ ψέγοι τʼ ἂν ὀρθῶς καὶ μισοῖ ἔτι νέος ὤν, πρὶν λόγον δυνατὸς εἶναι λαβεῖν, ἐλθόντος δὲ τοῦ λόγου ἀσπάζοιτʼ ἂν αὐτὸν γνωρίζων διʼ οἰκειότητα μάλιστα ὁ οὕτω τραφείς;
ἐμοὶ γοῦν δοκεῖ, ἔφη, τῶν τοιούτων ἕνεκα ἐν μουσικῇ εἶναι ἡ τροφή.
ὥσπερ ἄρα, ἦν δʼ ἐγώ, γραμμάτων πέρι τότε ἱκανῶς εἴχομεν, ὅτε τὰ στοιχεῖα μὴ λανθάνοι ἡμᾶς ὀλίγα ὄντα ἐν ἅπασιν οἷς ἔστιν περιφερόμενα, καὶ οὔτʼ ἐν σμικρῷ οὔτʼ ἐν"
402b,"μεγάλῳ ἠτιμάζομεν αὐτά, ὡς οὐ δέοι αἰσθάνεσθαι, ἀλλὰ πανταχοῦ προυθυμούμεθα διαγιγνώσκειν, ὡς οὐ πρότερον ἐσόμενοι γραμματικοὶ πρὶν οὕτως ἔχοιμεν—
ἀληθῆ.
οὐκοῦν καὶ εἰκόνας γραμμάτων, εἴ που ἢ ἐν ὕδασιν ἢ ἐν κατόπτροις ἐμφαίνοιντο, οὐ πρότερον γνωσόμεθα, πρὶν ἂν αὐτὰ γνῶμεν, ἀλλʼ ἔστιν τῆς αὐτῆς τέχνης τε καὶ μελέτης;
παντάπασι μὲν οὖν.
ἆρʼ οὖν, ὃ λέγω, πρὸς θεῶν, οὕτως οὐδὲ μουσικοὶ πρότερον"
402c,"ἐσόμεθα, οὔτε αὐτοὶ οὔτε οὕς φαμεν ἡμῖν παιδευτέον εἶναι τοὺς φύλακας, πρὶν ἂν τὰ τῆς σωφροσύνης εἴδη καὶ ἀνδρείας καὶ ἐλευθεριότητος καὶ μεγαλοπρεπείας καὶ ὅσα τούτων ἀδελφὰ καὶ τὰ τούτων αὖ ἐναντία πανταχοῦ περιφερόμενα γνωρίζωμεν καὶ ἐνόντα ἐν οἷς ἔνεστιν αἰσθανώμεθα καὶ αὐτὰ καὶ εἰκόνας αὐτῶν, καὶ μήτε ἐν σμικροῖς μήτε ἐν μεγάλοις ἀτιμάζωμεν, ἀλλὰ τῆς αὐτῆς οἰώμεθα τέχνης εἶναι καὶ μελέτης;
πολλὴ ἀνάγκη, ἔφη."
402d,"οὐκοῦν, ἦν δʼ ἐγώ, ὅτου ἂν συμπίπτῃ ἔν τε τῇ ψυχῇ καλὰ ἤθη ἐνόντα καὶ ἐν τῷ εἴδει ὁμολογοῦντα ἐκείνοις καὶ συμφωνοῦντα, τοῦ αὐτοῦ μετέχοντα τύπου, τοῦτʼ ἂν εἴη κάλλιστον θέαμα τῷ δυναμένῳ θεᾶσθαι;
πολύ γε.
καὶ μὴν τό γε κάλλιστον ἐρασμιώτατον;
πῶς δʼ οὔ;
τῶν δὴ ὅτι μάλιστα τοιούτων ἀνθρώπων ὅ γε μουσικὸς ἐρῴη ἄν· εἰ δὲ ἀσύμφωνος εἴη, οὐκ ἂν ἐρῴη.
οὐκ ἄν, εἴ γέ τι, ἔφη, κατὰ τὴν ψυχὴν ἐλλείποι· εἰ μέντοι τι κατὰ τὸ σῶμα, ὑπομείνειεν ἂν ὥστε ἐθέλειν"
402e,"ἀσπάζεσθαι.
μανθάνω, ἦν δʼ ἐγώ· ὅτι ἔστιν σοι ἢ γέγονεν παιδικὰ τοιαῦτα, καὶ συγχωρῶ. ἀλλὰ τόδε μοι εἰπέ· σωφροσύνῃ καὶ ἡδονῇ ὑπερβαλλούσῃ ἔστι τις κοινωνία;
καὶ πῶς; ἔφη, ἥ γε ἔκφρονα ποιεῖ οὐχ ἧττον ἢ λύπη;
ἀλλὰ τῇ ἄλλῃ ἀρετῇ;"
403a,"οὐδαμῶς.
τί δέ; ὕβρει τε καὶ ἀκολασίᾳ;
πάντων μάλιστα.
μείζω δέ τινα καὶ ὀξυτέραν ἔχεις εἰπεῖν ἡδονὴν τῆς περὶ τὰ ἀφροδίσια;
οὐκ ἔχω, ἦ δʼ ὅς, οὐδέ γε μανικωτέραν.
ὁ δὲ ὀρθὸς ἔρως πέφυκε κοσμίου τε καὶ καλοῦ σωφρόνως τε καὶ μουσικῶς ἐρᾶν;
καὶ μάλα, ἦ δʼ ὅς.
οὐδὲν ἄρα προσοιστέον μανικὸν οὐδὲ συγγενὲς ἀκολασίας τῷ ὀρθῷ ἔρωτι;
οὐ προσοιστέον."
403b,"οὐ προσοιστέον ἄρα αὕτη ἡ ἡδονή, οὐδὲ κοινωνητέον αὐτῆς ἐραστῇ τε καὶ παιδικοῖς ὀρθῶς ἐρῶσί τε καὶ ἐρωμένοις;
οὐ μέντοι μὰ Δίʼ, ἔφη, ὦ Σώκρατες, προσοιστέον.
οὕτω δή, ὡς ἔοικε, νομοθετήσεις ἐν τῇ οἰκιζομένῃ πόλει φιλεῖν μὲν καὶ συνεῖναι καὶ ἅπτεσθαι ὥσπερ ὑέος παιδικῶν ἐραστήν, τῶν καλῶν χάριν, ἐὰν πείθῃ, τὰ δʼ ἄλλα οὕτως ὁμιλεῖν πρὸς ὅν τις σπουδάζοι, ὅπως μηδέποτε δόξει μακρότερα"
403c,"τούτων συγγίγνεσθαι· εἰ δὲ μή, ψόγον ἀμουσίας καὶ ἀπειροκαλίας ὑφέξοντα.
οὕτως, ἔφη.
ἆρʼ οὖν, ἦν δʼ ἐγώ, καὶ σοὶ φαίνεται τέλος ἡμῖν ἔχειν ὁ περὶ μουσικῆς λόγος; οἷ γοῦν δεῖ τελευτᾶν, τετελεύτηκεν· δεῖ δέ που τελευτᾶν τὰ μουσικὰ εἰς τὰ τοῦ καλοῦ ἐρωτικά.
σύμφημι, ἦ δʼ ὅς.
μετὰ δὴ μουσικὴν γυμναστικῇ θρεπτέοι οἱ νεανίαι.
τί μήν;
δεῖ μὲν δὴ καὶ ταύτῃ ἀκριβῶς τρέφεσθαι ἐκ παίδων διὰ"
403d,"βίου. ἔχει δέ πως, ὡς ἐγᾦμαι, ὧδε· σκόπει δὲ καὶ σύ. ἐμοὶ μὲν γὰρ οὐ φαίνεται, ὃ ἂν χρηστὸν ᾖ σῶμα, τοῦτο τῇ αὑτοῦ ἀρετῇ ψυχὴν ἀγαθὴν ποιεῖν, ἀλλὰ τοὐναντίον ψυχὴ ἀγαθὴ τῇ αὑτῆς ἀρετῇ σῶμα παρέχειν ὡς οἷόν τε βέλτιστον· σοὶ δὲ πῶς φαίνεται;
καὶ ἐμοί, ἔφη, οὕτως.
οὐκοῦν εἰ τὴν διάνοιαν ἱκανῶς θεραπεύσαντες παραδοῖμεν αὐτῇ τὰ περὶ τὸ σῶμα ἀκριβολογεῖσθαι, ἡμεῖς δὲ ὅσον τοὺς"
403e,"τύπους ὑφηγησαίμεθα, ἵνα μὴ μακρολογῶμεν, ὀρθῶς ἂν ποιοῖμεν;
πάνυ μὲν οὖν.
μέθης μὲν δὴ εἴπομεν ὅτι ἀφεκτέον αὐτοῖς· παντὶ γάρ που μᾶλλον ἐγχωρεῖ ἢ φύλακι μεθυσθέντι μὴ εἰδέναι ὅπου γῆς ἐστιν.
γελοῖον γάρ, ἦ δʼ ὅς, τόν γε φύλακα φύλακος δεῖσθαι.
τί δὲ δὴ σίτων πέρι; ἀθληταὶ μὲν γὰρ οἱ ἄνδρες τοῦ μεγίστου ἀγῶνος. ἢ οὐχί;
ναί."
404a,"ἆρʼ οὖν ἡ τῶνδε τῶν ἀσκητῶν ἕξις προσήκουσʼ ἂν εἴη τούτοις;
ἴσως.
ἀλλʼ, ἦν δʼ ἐγώ, ὑπνώδης αὕτη γέ τις καὶ σφαλερὰ πρὸς ὑγίειαν. ἢ οὐχ ὁρᾷς ὅτι καθεύδουσί τε τὸν βίον καί, ἐὰν σμικρὰ ἐκβῶσιν τῆς τεταγμένης διαίτης, μεγάλα καὶ σφόδρα νοσοῦσιν οὗτοι οἱ ἀσκηταί;
ὁρῶ.
κομψοτέρας δή τινος, ἦν δʼ ἐγώ, ἀσκήσεως δεῖ τοῖς πολεμικοῖς ἀθληταῖς, οὕς γε ὥσπερ κύνας ἀγρύπνους τε ἀνάγκη εἶναι καὶ ὅτι μάλιστα ὀξὺ ὁρᾶν καὶ ἀκούειν καὶ πολλὰς μεταβολὰς ἐν ταῖς στρατείαις μεταβάλλοντας ὑδάτων"
404b,"τε καὶ τῶν ἄλλων σίτων καὶ εἱλήσεων καὶ χειμώνων μὴ ἀκροσφαλεῖς εἶναι πρὸς ὑγίειαν.
φαίνεταί μοι.
ἆρʼ οὖν ἡ βελτίστη γυμναστικὴ ἀδελφή τις ἂν εἴη τῆς ἁπλῆς μουσικῆς ἣν ὀλίγον πρότερον διῇμεν;
πῶς λέγεις;
ἁπλῆ που καὶ ἐπιεικὴς γυμναστική, καὶ μάλιστα ἡ τῶν περὶ τὸν πόλεμον.
πῇ δή;
καὶ παρʼ Ὁμήρου, ἦν δʼ ἐγώ, τά γε τοιαῦτα μάθοι ἄν τις. οἶσθα γὰρ ὅτι ἐπὶ στρατιᾶς ἐν ταῖς τῶν ἡρώων ἑστιάσεσιν οὔτε ἰχθύσιν αὐτοὺς ἑστιᾷ, καὶ ταῦτα ἐπὶ"
404c,"θαλάττῃ ἐν Ἑλλησπόντῳ ὄντας, οὔτε ἑφθοῖς κρέασιν ἀλλὰ μόνον ὀπτοῖς, ἃ δὴ μάλιστʼ ἂν εἴη στρατιώταις εὔπορα· πανταχοῦ γὰρ ὡς ἔπος εἰπεῖν αὐτῷ τῷ πυρὶ χρῆσθαι εὐπορώτερον ἢ ἀγγεῖα συμπεριφέρειν.
καὶ μάλα.
οὐδὲ μὴν ἡδυσμάτων, ὡς ἐγᾦμαι, Ὅμηρος πώποτε ἐμνήσθη. ἢ τοῦτο μὲν καὶ οἱ ἄλλοι ἀσκηταὶ ἴσασιν, ὅτι τῷ μέλλοντι σώματι εὖ ἕξειν ἀφεκτέον τῶν τοιούτων ἁπάντων;
καὶ ὀρθῶς γε, ἔφη, ἴσασί τε καὶ ἀπέχονται."
404d,"Συρακοσίαν δέ, ὦ φίλε, τράπεζαν καὶ Σικελικὴν ποικιλίαν ὄψου, ὡς ἔοικας, οὐκ αἰνεῖς, εἴπερ σοι ταῦτα δοκεῖ ὀρθῶς ἔχειν.
οὔ μοι δοκῶ.
ψέγεις ἄρα καὶ Κορινθίαν κόρην φίλην εἶναι ἀνδράσιν μέλλουσιν εὖ σώματος ἕξειν.
παντάπασι μὲν οὖν.
οὐκοῦν καὶ Ἀττικῶν πεμμάτων τὰς δοκούσας εἶναι εὐπαθείας;
ἀνάγκη.
ὅλην γὰρ οἶμαι τὴν τοιαύτην σίτησιν καὶ δίαιταν τῇ μελοποιίᾳ τε καὶ ᾠδῇ τῇ ἐν τῷ παναρμονίῳ καὶ ἐν πᾶσι"
404e,"ῥυθμοῖς πεποιημένῃ ἀπεικάζοντες ὀρθῶς ἂν ἀπεικάζοιμεν.
πῶς γὰρ οὔ;
οὐκοῦν ἐκεῖ μὲν ἀκολασίαν ἡ ποικιλία ἐνέτικτεν, ἐνταῦθα δὲ νόσον, ἡ δὲ ἁπλότης κατὰ μὲν μουσικὴν ἐν ψυχαῖς σωφροσύνην, κατὰ δὲ γυμναστικὴν ἐν σώμασιν ὑγίειαν;
ἀληθέστατα, ἔφη."
405a,"ἀκολασίας δὲ καὶ νόσων πληθυουσῶν ἐν πόλει ἆρʼ οὐ δικαστήριά τε καὶ ἰατρεῖα πολλὰ ἀνοίγεται, καὶ δικανική τε καὶ ἰατρικὴ σεμνύνονται, ὅταν δὴ καὶ ἐλεύθεροι πολλοὶ καὶ σφόδρα περὶ αὐτὰ σπουδάζωσιν;
τί γὰρ οὐ μέλλει;
τῆς δὲ κακῆς τε καὶ αἰσχρᾶς παιδείας ἐν πόλει ἆρα μή τι μεῖζον ἕξεις λαβεῖν τεκμήριον ἢ τὸ δεῖσθαι ἰατρῶν καὶ δικαστῶν ἄκρων μὴ μόνον τοὺς φαύλους τε καὶ χειροτέχνας, ἀλλὰ καὶ τοὺς ἐν ἐλευθέρῳ σχήματι προσποιουμένους τεθράφθαι;"
405b,"ἢ οὐκ αἰσχρὸν δοκεῖ καὶ ἀπαιδευσίας μέγα τεκμήριον τὸ ἐπακτῷ παρʼ ἄλλων, ὡς δεσποτῶν τε καὶ κριτῶν, τῷ δικαίῳ ἀναγκάζεσθαι χρῆσθαι, καὶ ἀπορίᾳ οἰκείων;
πάντων μὲν οὖν, ἔφη, αἴσχιστον.
ἦ δοκεῖ σοι, ἦν δʼ ἐγώ, τούτου αἴσχιον εἶναι τοῦτο, ὅταν δή τις μὴ μόνον τὸ πολὺ τοῦ βίου ἐν δικαστηρίοις φεύγων τε καὶ διώκων κατατρίβηται, ἀλλὰ καὶ ὑπὸ ἀπειροκαλίας ἐπʼ αὐτῷ δὴ τούτῳ πεισθῇ καλλωπίζεσθαι, ὡς δεινὸς"
405c,"ὢν περὶ τὸ ἀδικεῖν καὶ ἱκανὸς πάσας μὲν στροφὰς στρέφεσθαι, πάσας δὲ διεξόδους διεξελθὼν ἀποστραφῆναι λυγιζόμενος, ὥστε μὴ παρασχεῖν δίκην, καὶ ταῦτα σμικρῶν τε καὶ οὐδενὸς ἀξίων ἕνεκα, ἀγνοῶν ὅσῳ κάλλιον καὶ ἄμεινον τὸ παρασκευάζειν τὸν βίον αὑτῷ μηδὲν δεῖσθαι νυστάζοντος δικαστοῦ;
οὔκ, ἀλλὰ τοῦτʼ, ἔφη, ἐκείνου ἔτι αἴσχιον.
τὸ δὲ ἰατρικῆς, ἦν δʼ ἐγώ, δεῖσθαι ὅτι μὴ τραυμάτων ἕνεκα ἤ τινων ἐπετείων νοσημάτων ἐπιπεσόντων, ἀλλὰ διʼ"
405d,"ἀργίαν τε καὶ δίαιταν οἵαν διήλθομεν, ῥευμάτων τε καὶ πνευμάτων ὥσπερ λίμνας ἐμπιμπλαμένους φύσας τε καὶ κατάρρους νοσήμασιν ὀνόματα τίθεσθαι ἀναγκάζειν τοὺς κομψοὺς Ἀσκληπιάδας, οὐκ αἰσχρὸν δοκεῖ;
καὶ μάλʼ, ἔφη· ὡς ἀληθῶς καινὰ ταῦτα καὶ ἄτοπα νοσημάτων ὀνόματα.
οἷα, ἦν δʼ ἐγώ, ὡς οἶμαι, οὐκ ἦν ἐπʼ Ἀσκληπιοῦ."
405e,"τεκμαίρομαι δέ, ὅτι αὐτοῦ οἱ ὑεῖς ἐν Τροίᾳ Εὐρυπύλῳ τετρωμένῳ ἐπʼ οἶνον Πράμνειον ἄλφιτα πολλὰ ἐπιπασθέντα"
406a,"καὶ τυρὸν ἐπιξυσθέντα, ἃ δὴ δοκεῖ φλεγματώδη εἶναι, οὐκ ἐμέμψαντο τῇ δούσῃ πιεῖν, οὐδὲ Πατρόκλῳ τῷ ἰωμένῳ ἐπετίμησαν."
406b,"ἰατρικῇ, ἀπέκναισε πρῶτον μὲν καὶ μάλιστα ἑαυτόν, ἔπειτʼ ἄλλους ὕστερον πολλούς.
πῇ δή; ἔφη.
μακρόν, ἦν δʼ ἐγώ, τὸν θάνατον αὑτῷ ποιήσας. παρακολουθῶν γὰρ τῷ νοσήματι θανασίμῳ ὄντι οὔτε ἰάσασθαι οἶμαι οἷός τʼ ἦν ἑαυτόν, ἐν ἀσχολίᾳ τε πάντων ἰατρευόμενος διὰ βίου ἔζη, ἀποκναιόμενος εἴ τι τῆς εἰωθυίας διαίτης ἐκβαίη, δυσθανατῶν δὲ ὑπὸ σοφίας εἰς γῆρας ἀφίκετο.
καλὸν ἄρα τὸ γέρας, ἔφη, τῆς τέχνης ἠνέγκατο."
406c,"οἷον εἰκός, ἦν δʼ ἐγώ, τὸν μὴ εἰδότα ὅτι Ἀσκληπιὸς οὐκ ἀγνοίᾳ οὐδὲ ἀπειρίᾳ τούτου τοῦ εἴδους τῆς ἰατρικῆς τοῖς ἐκγόνοις οὐ κατέδειξεν αὐτό, ἀλλʼ εἰδὼς ὅτι πᾶσι τοῖς εὐνομουμένοις ἔργον τι ἑκάστῳ ἐν τῇ πόλει προστέτακται, ὃ ἀναγκαῖον ἐργάζεσθαι, καὶ οὐδενὶ σχολὴ διὰ βίου κάμνειν ἰατρευομένῳ. ὃ ἡμεῖς γελοίως ἐπὶ μὲν τῶν δημιουργῶν αἰσθανόμεθα, ἐπὶ δὲ τῶν πλουσίων τε καὶ εὐδαιμόνων δοκούντων εἶναι οὐκ αἰσθανόμεθα.
πῶς; ἔφη."
406d,"τέκτων μέν, ἦν δʼ ἐγώ, κάμνων ἀξιοῖ παρὰ τοῦ ἰατροῦ φάρμακον πιὼν ἐξεμέσαι τὸ νόσημα, ἢ κάτω καθαρθεὶς ἢ καύσει ἢ τομῇ χρησάμενος ἀπηλλάχθαι· ἐὰν δέ τις αὐτῷ μακρὰν δίαιταν προστάττῃ, πιλίδιά τε περὶ τὴν κεφαλὴν περιτιθεὶς καὶ τὰ τούτοις ἑπόμενα, ταχὺ εἶπεν ὅτι οὐ σχολὴ κάμνειν οὐδὲ λυσιτελεῖ οὕτω ζῆν, νοσήματι τὸν νοῦν προσέχοντα, τῆς δὲ προκειμένης ἐργασίας ἀμελοῦντα. καὶ μετὰ ταῦτα χαίρειν"
406e,"εἰπὼν τῷ τοιούτῳ ἰατρῷ, εἰς τὴν εἰωθυῖαν δίαιταν ἐμβάς, ὑγιὴς γενόμενος ζῇ τὰ ἑαυτοῦ πράττων· ἐὰν δὲ μὴ ἱκανὸν ᾖ τὸ σῶμα ὑπενεγκεῖν, τελευτήσας πραγμάτων ἀπηλλάγη.
καὶ τῷ τοιούτῳ μέν γʼ, ἔφη, δοκεῖ πρέπειν οὕτω ἰατρικῇ χρῆσθαι."
407a,"ἆρα, ἦν δʼ ἐγώ, ὅτι ἦν τι αὐτῷ ἔργον, ὃ εἰ μὴ πράττοι, οὐκ ἐλυσιτέλει ζῆν;
δῆλον, ἔφη.
ὁ δὲ δὴ πλούσιος, ὥς φαμεν, οὐδὲν ἔχει τοιοῦτον ἔργον προκείμενον, οὗ ἀναγκαζομένῳ ἀπέχεσθαι ἀβίωτον.
οὔκουν δὴ λέγεταί γε.
Φωκυλίδου γάρ, ἦν δʼ ἐγώ, οὐκ ἀκούεις πῶς φησι δεῖν, ὅταν τῳ ἤδη βίος ᾖ, ἀρετὴν ἀσκεῖν.
οἶμαι δέ γε, ἔφη, καὶ πρότερον.
μηδέν, εἶπον, περὶ τούτου αὐτῷ μαχώμεθα, ἀλλʼ ἡμᾶς αὐτοὺς διδάξωμεν πότερον μελετητέον τοῦτο τῷ πλουσίῳ"
407b,"καὶ ἀβίωτον τῷ μὴ μελετῶντι, ἢ νοσοτροφία τεκτονικῇ μὲν καὶ ταῖς ἄλλαις τέχναις ἐμπόδιον τῇ προσέξει τοῦ νοῦ, τὸ δὲ Φωκυλίδου παρακέλευμα οὐδὲν ἐμποδίζει.
ναὶ μὰ τὸν Δία, ἦ δʼ ὅς. σχεδόν γέ τι πάντων μάλιστα ἥ γε περαιτέρω γυμναστικῆς ἡ περιττὴ αὕτη ἐπιμέλεια τοῦ σώματος· καὶ γὰρ πρὸς οἰκονομίας καὶ πρὸς στρατείας καὶ πρὸς ἑδραίους ἐν πόλει ἀρχὰς δύσκολος.
τὸ δὲ δὴ μέγιστον, ὅτι καὶ πρὸς μαθήσεις ἁστινασοῦν καὶ"
407c,"ἐννοήσεις τε καὶ μελέτας πρὸς ἑαυτὸν χαλεπή, κεφαλῆς τινας ἀεὶ διατάσεις καὶ ἰλίγγους ὑποπτεύουσα καὶ αἰτιωμένη ἐκ φιλοσοφίας ἐγγίγνεσθαι, ὥστε, ὅπῃ ταύτῃ ἀρετὴ ἀσκεῖται καὶ δοκιμάζεται, πάντῃ ἐμπόδιος· κάμνειν γὰρ οἴεσθαι ποιεῖ ἀεὶ καὶ ὠδίνοντα μήποτε λήγειν περὶ τοῦ σώματος.
εἰκός γε, ἔφη.
οὐκοῦν ταῦτα γιγνώσκοντα φῶμεν καὶ Ἀσκληπιὸν τοὺς μὲν φύσει τε καὶ διαίτῃ ὑγιεινῶς ἔχοντας τὰ σώματα,"
407d,"νόσημα δέ τι ἀποκεκριμένον ἴσχοντας ἐν αὑτοῖς, τούτοις μὲν καὶ ταύτῃ τῇ ἕξει καταδεῖξαι ἰατρικήν, φαρμάκοις τε καὶ τομαῖς τὰ νοσήματα ἐκβάλλοντα αὐτῶν τὴν εἰωθυῖαν προστάττειν δίαιταν, ἵνα μὴ τὰ πολιτικὰ βλάπτοι, τὰ δʼ εἴσω διὰ παντὸς νενοσηκότα σώματα οὐκ ἐπιχειρεῖν διαίταις κατὰ σμικρὸν ἀπαντλοῦντα καὶ ἐπιχέοντα μακρὸν καὶ κακὸν βίον ἀνθρώπῳ ποιεῖν, καὶ ἔκγονα αὐτῶν, ὡς τὸ εἰκός, ἕτερα τοιαῦτα φυτεύειν, ἀλλὰ τὸν μὴ δυνάμενον ἐν τῇ καθεστηκυίᾳ"
407e,"περιόδῳ ζῆν μὴ οἴεσθαι δεῖν θεραπεύειν, ὡς οὔτε αὑτῷ οὔτε πόλει λυσιτελῆ;
πολιτικόν, ἔφη, λέγεις Ἀσκληπιόν."
408a,"οὐχ ὁρᾷς ὡς καὶ ἐν Τροίᾳ ἀγαθοὶ πρὸς τὸν πόλεμον ἐφάνησαν, καὶ τῇ ἰατρικῇ, ὡς ἐγὼ λέγω, ἐχρῶντο; ἢ οὐ μέμνησαι ὅτι καὶ τῷ Μενέλεῳ ἐκ τοῦ τραύματος οὗ ὁ Πάνδαρος ἔβαλεν—  αἷμʼ ἐκμυζήσαντες ἐπʼ ἤπια φάρμακʼ ἔπασσον,  Hom. Il. 4.218 ὅτι δʼ ἐχρῆν μετὰ τοῦτο ἢ πιεῖν ἢ φαγεῖν οὐδὲν μᾶλλον ἢ τῷ Εὐρυπύλῳ προσέταττον, ὡς ἱκανῶν ὄντων τῶν φαρμάκων ἰάσασθαι ἄνδρας πρὸ τῶν τραυμάτων ὑγιεινούς τε καὶ"
408b,"κοσμίους ἐν διαίτῃ, κἂν εἰ τύχοιεν ἐν τῷ παραχρῆμα κυκεῶνα πιόντες, νοσώδη δὲ φύσει τε καὶ ἀκόλαστον οὔτε αὐτοῖς οὔτε τοῖς ἄλλοις ᾤοντο λυσιτελεῖν ζῆν, οὐδʼ ἐπὶ τούτοις τὴν τέχνην δεῖν εἶναι, οὐδὲ θεραπευτέον αὐτούς, οὐδʼ εἰ Μίδου πλουσιώτεροι εἶεν.
πάνυ κομψούς, ἔφη, λέγεις Ἀσκληπιοῦ παῖδας.
πρέπει, ἦν δʼ ἐγώ, καίτοι ἀπειθοῦντές γε ἡμῖν οἱ τραγῳδοποιοί τε καὶ Πίνδαρος Ἀπόλλωνος μέν φασιν Ἀσκληπιὸν εἶναι, ὑπὸ δὲ χρυσοῦ πεισθῆναι πλούσιον ἄνδρα θανάσιμον"
408c,"ἤδη ὄντα ἰάσασθαι, ὅθεν δὴ καὶ κεραυνωθῆναι αὐτόν. ἡμεῖς δὲ κατὰ τὰ προειρημένα οὐ πεισόμεθα αὐτοῖς ἀμφότερα, ἀλλʼ εἰ μὲν θεοῦ ἦν, οὐκ ἦν, φήσομεν, αἰσχροκερδής· εἰ δʼ αἰσχροκερδής, οὐκ ἦν θεοῦ.
ὀρθότατα, ἦ δʼ ὅς, ταῦτά γε. ἀλλὰ περὶ τοῦδε τί λέγεις, ὦ Σώκρατες; ἆρʼ οὐκ ἀγαθοὺς δεῖ ἐν τῇ πόλει κεκτῆσθαι ἰατρούς; εἶεν δʼ ἄν που μάλιστα τοιοῦτοι ὅσοι"
408d,"πλείστους μὲν ὑγιεινούς, πλείστους δὲ νοσώδεις μετεχειρίσαντο, καὶ δικασταὶ αὖ ὡσαύτως οἱ παντοδαπαῖς φύσεσιν ὡμιληκότες.
καὶ μάλα, εἶπον, ἀγαθοὺς λέγω. ἀλλʼ οἶσθα οὓς ἡγοῦμαι τοιούτους;
ἂν εἴπῃς, ἔφη.
ἀλλὰ πειράσομαι, ἦν δʼ ἐγώ· σὺ μέντοι οὐχ ὅμοιον πρᾶγμα τῷ αὐτῷ λόγῳ ἤρου.
πῶς; ἔφη.
ἰατροὶ μέν, εἶπον, δεινότατοι ἂν γένοιντο, εἰ ἐκ παίδων ἀρξάμενοι πρὸς τῷ μανθάνειν τὴν τέχνην ὡς πλείστοις τε καὶ πονηροτάτοις σώμασιν ὁμιλήσειαν καὶ αὐτοὶ πάσας"
408e,"νόσους κάμοιεν καὶ εἶεν μὴ πάνυ ὑγιεινοὶ φύσει. οὐ γὰρ οἶμαι σώματι σῶμα θεραπεύουσιν—οὐ γὰρ ἂν αὐτὰ ἐνεχώρει κακὰ εἶναί ποτε καὶ γενέσθαι—ἀλλὰ ψυχῇ σῶμα, ᾗ οὐκ ἐγχωρεῖ κακὴν γενομένην τε καὶ οὖσαν εὖ τι θεραπεύειν.
ὀρθῶς, ἔφη."
409a,"δικαστὴς δέ γε, ὦ φίλε, ψυχῇ ψυχῆς ἄρχει, ᾗ οὐκ ἐγχωρεῖ ἐκ νέας ἐν πονηραῖς ψυχαῖς τεθράφθαι τε καὶ ὡμιληκέναι καὶ πάντα ἀδικήματα αὐτὴν ἠδικηκυῖαν διεξεληλυθέναι, ὥστε ὀξέως ἀφʼ αὑτῆς τεκμαίρεσθαι τὰ τῶν ἄλλων ἀδικήματα οἷον κατὰ σῶμα νόσους· ἀλλʼ ἄπειρον αὐτὴν καὶ ἀκέραιον δεῖ κακῶν ἠθῶν νέαν οὖσαν γεγονέναι, εἰ μέλλει καλὴ κἀγαθὴ οὖσα κρινεῖν ὑγιῶς τὰ δίκαια. διὸ δὴ καὶ εὐήθεις νέοι ὄντες οἱ ἐπιεικεῖς φαίνονται καὶ εὐεξαπάτητοι"
409b,"ὑπὸ τῶν ἀδίκων, ἅτε οὐκ ἔχοντες ἐν ἑαυτοῖς παραδείγματα ὁμοιοπαθῆ τοῖς πονηροῖς.
καὶ μὲν δή, ἔφη, σφόδρα γε αὐτὸ πάσχουσι.
τῷ τοι, ἦν δʼ ἐγώ, οὐ νέον ἀλλὰ γέροντα δεῖ τὸν ἀγαθὸν δικαστὴν εἶναι, ὀψιμαθῆ γεγονότα τῆς ἀδικίας οἷόν ἐστιν, οὐκ οἰκείαν ἐν τῇ αὑτοῦ ψυχῇ ἐνοῦσαν ᾐσθημένον, ἀλλʼ ἀλλοτρίαν ἐν ἀλλοτρίαις μεμελετηκότα ἐν πολλῷ χρόνῳ διαισθάνεσθαι οἷον πέφυκε κακόν, ἐπιστήμῃ, οὐκ"
409c,"ἐμπειρίᾳ οἰκείᾳ κεχρημένον.
γενναιότατος γοῦν, ἔφη, ἔοικεν εἶναι ὁ τοιοῦτος δικαστής.
καὶ ἀγαθός γε, ἦν δʼ ἐγώ, ὃ σὺ ἠρώτας· ὁ γὰρ ἔχων ψυχὴν ἀγαθὴν ἀγαθός. ὁ δὲ δεινὸς ἐκεῖνος καὶ καχύποπτος, ὁ πολλὰ αὐτὸς ἠδικηκὼς καὶ πανοῦργός τε καὶ σοφὸς οἰόμενος εἶναι, ὅταν μὲν ὁμοίοις ὁμιλῇ, δεινὸς φαίνεται ἐξευλαβούμενος, πρὸς τὰ ἐν αὑτῷ παραδείγματα ἀποσκοπῶν· ὅταν δὲ ἀγαθοῖς καὶ πρεσβυτέροις ἤδη πλησιάσῃ, ἀβέλτερος"
409d,"αὖ φαίνεται, ἀπιστῶν παρὰ καιρὸν καὶ ἀγνοῶν ὑγιὲς ἦθος, ἅτε οὐκ ἔχων παράδειγμα τοῦ τοιούτου. πλεονάκις δὲ πονηροῖς ἢ χρηστοῖς ἐντυγχάνων σοφώτερος ἢ ἀμαθέστερος δοκεῖ εἶναι αὑτῷ τε καὶ ἄλλοις.
παντάπασι μὲν οὖν, ἔφη, ἀληθῆ.
οὐ τοίνυν, ἦν δʼ ἐγώ, τοιοῦτον χρὴ τὸν δικαστὴν ζητεῖν τὸν ἀγαθόν τε καὶ σοφόν, ἀλλὰ τὸν πρότερον· πονηρία μὲν γὰρ ἀρετήν τε καὶ αὑτὴν οὔποτʼ ἂν γνοίη, ἀρετὴ δὲ φύσεως παιδευομένης χρόνῳ ἅμα αὑτῆς τε καὶ πονηρίας ἐπιστήμην"
409e,"λήψεται. σοφὸς οὖν οὗτος, ὥς μοι δοκεῖ, ἀλλʼ οὐχ ὁ κακὸς γίγνεται.
καὶ ἐμοί, ἔφη, συνδοκεῖ."
410a,"τοὺς μὲν εὐφυεῖς τὰ σώματα καὶ τὰς ψυχὰς θεραπεύσουσι, τοὺς δὲ μή, ὅσοι μὲν κατὰ σῶμα τοιοῦτοι, ἀποθνῄσκειν ἐάσουσιν, τοὺς δὲ κατὰ τὴν ψυχὴν κακοφυεῖς καὶ ἀνιάτους αὐτοὶ ἀποκτενοῦσιν;
τὸ γοῦν ἄριστον, ἔφη, αὐτοῖς τε τοῖς πάσχουσιν καὶ τῇ πόλει οὕτω πέφανται.
οἱ δὲ δὴ νέοι, ἦν δʼ ἐγώ, δῆλον ὅτι εὐλαβήσονταί σοι δικαστικῆς εἰς χρείαν ἰέναι, τῇ ἁπλῇ ἐκείνῃ μουσικῇ χρώμενοι ἣν δὴ ἔφαμεν σωφροσύνην ἐντίκτειν.
τί μήν; ἔφη."
410b,"ἆρʼ οὖν οὐ κατὰ ταὐτὰ ἴχνη ταῦτα ὁ μουσικὸς γυμναστικὴν διώκων, ἐὰν ἐθέλῃ, αἱρήσει, ὥστε μηδὲν ἰατρικῆς δεῖσθαι ὅτι μὴ ἀνάγκη;
ἔμοιγε δοκεῖ.
αὐτά γε μὴν τὰ γυμνάσια καὶ τοὺς πόνους πρὸς τὸ θυμοειδὲς τῆς φύσεως βλέπων κἀκεῖνο ἐγείρων πονήσει μᾶλλον ἢ πρὸς ἰσχύν, οὐχ ὥσπερ οἱ ἄλλοι ἀθληταὶ ῥώμης ἕνεκα σιτία καὶ πόνους μεταχειριεῖται.
ὀρθότατα, ἦ δʼ ὅς.
ἆρʼ οὖν, ἦν δʼ ἐγώ, ὦ Γλαύκων, καὶ οἱ καθιστάντες"
410c,"μουσικῇ καὶ γυμναστικῇ παιδεύειν οὐχ οὗ ἕνεκά τινες οἴονται καθιστᾶσιν, ἵνα τῇ μὲν τὸ σῶμα θεραπεύοιντο, τῇ δὲ τὴν ψυχήν;
ἀλλὰ τί μήν; ἔφη.
κινδυνεύουσιν, ἦν δʼ ἐγώ, ἀμφότερα τῆς ψυχῆς ἕνεκα τὸ μέγιστον καθιστάναι.
πῶς δή;
οὐκ ἐννοεῖς, εἶπον, ὡς διατίθενται αὐτὴν τὴν διάνοιαν οἳ ἂν γυμναστικῇ μὲν διὰ βίου ὁμιλήσωσιν, μουσικῆς δὲ μὴ ἅψωνται; ἢ αὖ ὅσοι ἂν τοὐναντίον διατεθῶσιν;
τίνος δέ, ἦ δʼ ὅς, πέρι λέγεις;"
410d,"ἀγριότητός τε καὶ σκληρότητος, καὶ αὖ μαλακίας τε καὶ ἡμερότητος, ἦν δʼ ἐγώ—
ἔγωγε, ἔφη· ὅτι οἱ μὲν γυμναστικῇ ἀκράτῳ χρησάμενοι ἀγριώτεροι τοῦ δέοντος ἀποβαίνουσιν, οἱ δὲ μουσικῇ μαλακώτεροι αὖ γίγνονται ἢ ὡς κάλλιον αὐτοῖς.
καὶ μήν, ἦν δʼ ἐγώ, τό γε ἄγριον τὸ θυμοειδὲς ἂν τῆς φύσεως παρέχοιτο, καὶ ὀρθῶς μὲν τραφὲν ἀνδρεῖον ἂν εἴη, μᾶλλον δʼ ἐπιταθὲν τοῦ δέοντος σκληρόν τε καὶ χαλεπὸν γίγνοιτʼ ἄν, ὡς τὸ εἰκός.
δοκεῖ μοι, ἔφη."
410e,"τί δέ; τὸ ἥμερον οὐχ ἡ φιλόσοφος ἂν ἔχοι φύσις, καὶ μᾶλλον μὲν ἀνεθέντος αὐτοῦ μαλακώτερον εἴη τοῦ δέοντος, καλῶς δὲ τραφέντος ἥμερόν τε καὶ κόσμιον;
ἔστι ταῦτα.
δεῖν δέ γέ φαμεν τοὺς φύλακας ἀμφοτέρα ἔχειν τούτω τὼ φύσει.
δεῖ γάρ.
οὐκοῦν ἡρμόσθαι δεῖ αὐτὰς πρὸς ἀλλήλας;
πῶς δʼ οὔ;"
411a,"ψυχή;
πάνυ γε.
τοῦ δὲ ἀναρμόστου δειλὴ καὶ ἄγροικος;
καὶ μάλα.
οὐκοῦν ὅταν μέν τις μουσικῇ παρέχῃ καταυλεῖν καὶ καταχεῖν τῆς ψυχῆς διὰ τῶν ὤτων ὥσπερ διὰ χώνης ἃς νυνδὴ ἡμεῖς ἐλέγομεν τὰς γλυκείας τε καὶ μαλακὰς καὶ θρηνώδεις ἁρμονίας, καὶ μινυρίζων τε καὶ γεγανωμένος ὑπὸ τῆς ᾠδῆς διατελῇ τὸν βίον ὅλον, οὗτος τὸ μὲν πρῶτον, εἴ τι θυμοειδὲς εἶχεν, ὥσπερ σίδηρον ἐμάλαξεν καὶ χρήσιμον"
411b,"ἐξ ἀχρήστου καὶ σκληροῦ ἐποίησεν· ὅταν δʼ ἐπέχων μὴ ἀνιῇ ἀλλὰ κηλῇ, τὸ δὴ μετὰ τοῦτο ἤδη τήκει καὶ λείβει, ἕως ἂν ἐκτήξῃ τὸν θυμὸν καὶ ἐκτέμῃ ὥσπερ νεῦρα ἐκ τῆς ψυχῆς καὶ ποιήσῃ μαλθακὸν αἰχμητήν.
πάνυ μὲν οὖν, ἔφη.
καὶ ἐὰν μέν γε, ἦν δʼ ἐγώ, ἐξ ἀρχῆς φύσει ἄθυμον λάβῃ, ταχὺ τοῦτο διεπράξατο· ἐὰν δὲ θυμοειδῆ, ἀσθενῆ ποιήσας τὸν θυμὸν ὀξύρροπον ἀπηργάσατο, ἀπὸ σμικρῶν ταχὺ ἐρεθιζόμενόν"
411c,"τε καὶ κατασβεννύμενον. ἀκράχολοι οὖν καὶ ὀργίλοι ἀντὶ θυμοειδοῦς γεγένηνται, δυσκολίας ἔμπλεῳ.
κομιδῇ μὲν οὖν.
τί δὲ ἂν αὖ γυμναστικῇ πολλὰ πονῇ καὶ εὐωχῆται εὖ μάλα, μουσικῆς δὲ καὶ φιλοσοφίας μὴ ἅπτηται; οὐ πρῶτον μὲν εὖ ἴσχων τὸ σῶμα φρονήματός τε καὶ θυμοῦ ἐμπίμπλαται καὶ ἀνδρειότερος γίγνεται αὐτὸς αὑτοῦ;
καὶ μάλα γε.
τί δὲ ἐπειδὰν ἄλλο μηδὲν πράττῃ μηδὲ κοινωνῇ Μούσης"
411d,"μηδαμῇ; οὐκ εἴ τι καὶ ἐνῆν αὐτοῦ φιλομαθὲς ἐν τῇ ψυχῇ, ἅτε οὔτε μαθήματος γευόμενον οὐδενὸς οὔτε ζητήματος, οὔτε λόγου μετίσχον οὔτε τῆς ἄλλης μουσικῆς, ἀσθενές τε καὶ κωφὸν καὶ τυφλὸν γίγνεται, ἅτε οὐκ ἐγειρόμενον οὐδὲ τρεφόμενον οὐδὲ διακαθαιρομένων τῶν αἰσθήσεων αὐτοῦ;
οὕτως, ἔφη.
μισόλογος δὴ οἶμαι ὁ τοιοῦτος γίγνεται καὶ ἄμουσος, καὶ πειθοῖ μὲν διὰ λόγων οὐδὲν ἔτι χρῆται, βίᾳ δὲ καὶ"
411e,"ἀγριότητι ὥσπερ θηρίον πρὸς πάντα διαπράττεται, καὶ ἐν ἀμαθίᾳ καὶ σκαιότητι μετὰ ἀρρυθμίας τε καὶ ἀχαριστίας ζῇ.
παντάπασιν, ἦ δʼ ὅς, οὕτως ἔχει."
412a,"ἂν ἀλλήλοιν συναρμοσθῆτον ἐπιτεινομένω καὶ ἀνιεμένω μέχρι τοῦ προσήκοντος.
καὶ γὰρ ἔοικεν, ἔφη.
τὸν κάλλιστʼ ἄρα μουσικῇ γυμναστικὴν κεραννύντα καὶ μετριώτατα τῇ ψυχῇ προσφέροντα, τοῦτον ὀρθότατʼ ἂν φαῖμεν εἶναι τελέως μουσικώτατον καὶ εὐαρμοστότατον, πολὺ μᾶλλον ἢ τὸν τὰς χορδὰς ἀλλήλαις συνιστάντα.
εἰκότως γʼ, ἔφη, ὦ Σώκρατες.
οὐκοῦν καὶ ἐν τῇ πόλει ἡμῖν, ὦ Γλαύκων, δεήσει τοῦ τοιούτου τινὸς ἀεὶ ἐπιστάτου, εἰ μέλλει ἡ πολιτεία σῴζεσθαι;"
412b,"δεήσει μέντοι ὡς οἷόν τέ γε μάλιστα.
οἱ μὲν δὴ τύποι τῆς παιδείας τε καὶ τροφῆς οὗτοι ἂν εἶεν. χορείας γὰρ τί ἄν τις διεξίοι τῶν τοιούτων καὶ θήρας τε καὶ κυνηγέσια καὶ γυμνικοὺς ἀγῶνας καὶ ἱππικούς; σχεδὸν γάρ τι δῆλα δὴ ὅτι τούτοις ἑπόμενα δεῖ αὐτὰ εἶναι, καὶ οὐκέτι χαλεπὰ εὑρεῖν.
ἴσως, ἦ δʼ ὅς, οὐ χαλεπά.
εἶεν, ἦν δʼ ἐγώ· τὸ δὴ μετὰ τοῦτο τί ἂν ἡμῖν διαιρετέον εἴη; ἆρʼ οὐκ αὐτῶν τούτων οἵτινες ἄρξουσί τε καὶ ἄρξονται;"
412c,"τί μήν;
οὐκοῦν ὅτι μὲν πρεσβυτέρους τοὺς ἄρχοντας δεῖ εἶναι, νεωτέρους δὲ τοὺς ἀρχομένους, δῆλον;
δῆλον.
καὶ ὅτι γε τοὺς ἀρίστους αὐτῶν;
καὶ τοῦτο.
οἱ δὲ γεωργῶν ἄριστοι ἆρʼ οὐ γεωργικώτατοι γίγνονται;
ναί.
νῦν δʼ, ἐπειδὴ φυλάκων αὐτοὺς ἀρίστους δεῖ εἶναι, ἆρʼ οὐ φυλακικωτάτους πόλεως;
ναί.
οὐκοῦν φρονίμους τε εἰς τοῦτο δεῖ ὑπάρχειν καὶ δυνατοὺς καὶ ἔτι κηδεμόνας τῆς πόλεως;"
412d,"ἔστι ταῦτα.
κήδοιτο δέ γʼ ἄν τις μάλιστα τούτου ὃ τυγχάνοι φιλῶν.
ἀνάγκη.
καὶ μὴν τοῦτό γʼ ἂν μάλιστα φιλοῖ, ᾧ συμφέρειν ἡγοῖτο τὰ αὐτὰ καὶ ἑαυτῷ καὶ ὅταν μάλιστα ἐκείνου μὲν εὖ πράττοντος οἴοιτο συμβαίνειν καὶ ἑαυτῷ εὖ πράττειν, μὴ δέ, τοὐναντίον.
οὕτως, ἔφη.
ἐκλεκτέον ἄρʼ ἐκ τῶν ἄλλων φυλάκων τοιούτους ἄνδρας, οἳ ἂν σκοποῦσιν ἡμῖν μάλιστα φαίνωνται παρὰ πάντα τὸν"
412e,"βίον, ὃ μὲν ἂν τῇ πόλει ἡγήσωνται συμφέρειν, πάσῃ προθυμίᾳ ποιεῖν, ὃ δʼ ἂν μή, μηδενὶ τρόπῳ πρᾶξαι ἂν ἐθέλειν.
ἐπιτήδειοι γάρ, ἔφη.
δοκεῖ δή μοι τηρητέον αὐτοὺς εἶναι ἐν ἁπάσαις ταῖς ἡλικίαις, εἰ φυλακικοί εἰσι τούτου τοῦ δόγματος καὶ μήτε γοητευόμενοι μήτε βιαζόμενοι ἐκβάλλουσιν ἐπιλανθανόμενοι δόξαν τὴν τοῦ ποιεῖν δεῖν ἃ τῇ πόλει βέλτιστα.
τίνα, ἔφη, λέγεις τὴν ἐκβολήν;"
413a,"τοῦ μεταμανθάνοντος, ἀκουσίως δὲ πᾶσα ἡ ἀληθής.
τὸ μὲν τῆς ἑκουσίου, ἔφη, μανθάνω, τὸ δὲ τῆς ἀκουσίου δέομαι μαθεῖν.
τί δέ; οὐ καὶ σὺ ἡγῇ, ἔφην ἐγώ, τῶν μὲν ἀγαθῶν ἀκουσίως στέρεσθαι τοὺς ἀνθρώπους, τῶν δὲ κακῶν ἑκουσίως; ἢ οὐ τὸ μὲν ἐψεῦσθαι τῆς ἀληθείας κακόν, τὸ δὲ ἀληθεύειν ἀγαθόν; ἢ οὐ τὸ τὰ ὄντα δοξάζειν ἀληθεύειν δοκεῖ σοι εἶναι;
ἀλλʼ, ἦ δʼ ὅς, ὀρθῶς λέγεις, καί μοι δοκοῦσιν ἄκοντες ἀληθοῦς δόξης στερίσκεσθαι."
413b,"οὐκοῦν κλαπέντες ἢ γοητευθέντες ἢ βιασθέντες τοῦτο πάσχουσιν;
οὐδὲ νῦν, ἔφη, μανθάνω.
τραγικῶς, ἦν δʼ ἐγώ, κινδυνεύω λέγειν. κλαπέντας μὲν γὰρ τοὺς μεταπεισθέντας λέγω καὶ τοὺς ἐπιλανθανομένους, ὅτι τῶν μὲν χρόνος, τῶν δὲ λόγος ἐξαιρούμενος λανθάνει· νῦν γάρ που μανθάνεις;
ναί.
τοὺς τοίνυν βιασθέντας λέγω οὓς ἂν ὀδύνη τις ἢ ἀλγηδὼν μεταδοξάσαι ποιήσῃ.
καὶ τοῦτʼ, ἔφη, ἔμαθον, καὶ ὀρθῶς λέγεις."
413c,"τοὺς μὴν γοητευθέντας, ὡς ἐγᾦμαι, κἂν σὺ φαίης εἶναι οἳ ἂν μεταδοξάσωσιν ἢ ὑφʼ ἡδονῆς κηληθέντες ἢ ὑπὸ φόβου τι δείσαντες.
ἔοικε γάρ, ἦ δʼ ὅς, γοητεύειν πάντα ὅσα ἀπατᾷ.
ὃ τοίνυν ἄρτι ἔλεγον, ζητητέον τίνες ἄριστοι φύλακες τοῦ παρʼ αὑτοῖς δόγματος, τοῦτο ὡς ποιητέον ὃ ἂν τῇ πόλει ἀεὶ δοκῶσι βέλτιστον εἶναι αὑτοῖς ποιεῖν. τηρητέον δὴ εὐθὺς ἐκ παίδων προθεμένοις ἔργα ἐν οἷς ἄν τις τὸ τοιοῦτον μάλιστα ἐπιλανθάνοιτο καὶ ἐξαπατῷτο, καὶ τὸν μὲν μνήμονα"
413d,"καὶ δυσεξαπάτητον ἐγκριτέον, τὸν δὲ μὴ ἀποκριτέον. ἦ γάρ;
ναί.
καὶ πόνους γε αὖ καὶ ἀλγηδόνας καὶ ἀγῶνας αὐτοῖς θετέον, ἐν οἷς ταὐτὰ ταῦτα τηρητέον.
ὀρθῶς, ἔφη.
οὐκοῦν, ἦν δʼ ἐγώ, καὶ τρίτου εἴδους τούτοις γοητείας ἅμιλλαν ποιητέον, καὶ θεατέον—ὥσπερ τοὺς πώλους ἐπὶ τοὺς ψόφους τε καὶ θορύβους ἄγοντες σκοποῦσιν εἰ φοβεροί, οὕτω νέους ὄντας εἰς δείματʼ ἄττα κομιστέον καὶ εἰς ἡδονὰς"
413e,"αὖ μεταβλητέον, βασανίζοντας πολὺ μᾶλλον ἢ χρυσὸν ἐν πυρί—εἰ δυσγοήτευτος καὶ εὐσχήμων ἐν πᾶσι φαίνεται, φύλαξ αὑτοῦ ὢν ἀγαθὸς καὶ μουσικῆς ἧς ἐμάνθανεν, εὔρυθμόν τε καὶ εὐάρμοστον ἑαυτὸν ἐν πᾶσι τούτοις παρέχων, οἷος δὴ ἂν ὢν καὶ ἑαυτῷ καὶ πόλει χρησιμώτατος εἴη."
414a,"καὶ ἀκήρατον ἐκβαίνοντα καταστατέον ἄρχοντα τῆς πόλεως καὶ φύλακα, καὶ τιμὰς δοτέον καὶ ζῶντι καὶ τελευτήσαντι, τάφων τε καὶ τῶν ἄλλων μνημείων μέγιστα γέρα λαγχάνοντα· τὸν δὲ μὴ τοιοῦτον ἀποκριτέον. τοιαύτη τις, ἦν δʼ ἐγώ, δοκεῖ μοι, ὦ Γλαύκων, ἡ ἐκλογὴ εἶναι καὶ κατάστασις τῶν ἀρχόντων τε καὶ φυλάκων, ὡς ἐν τύπῳ, μὴ διʼ ἀκριβείας, εἰρῆσθαι.
καὶ ἐμοί, ἦ δʼ ὅς, οὕτως πῃ φαίνεται."
414b,"ἆρʼ οὖν ὡς ἀληθῶς ὀρθότατον καλεῖν τούτους μὲν φύλακας παντελεῖς τῶν τε ἔξωθεν πολεμίων τῶν τε ἐντὸς φιλίων, ὅπως οἱ μὲν μὴ βουλήσονται, οἱ δὲ μὴ δυνήσονται κακουργεῖν, τοὺς δὲ νέους, οὓς δὴ νῦν φύλακας ἐκαλοῦμεν, ἐπικούρους τε καὶ βοηθοὺς τοῖς τῶν ἀρχόντων δόγμασιν;
ἔμοιγε δοκεῖ, ἔφη.
τίς ἂν οὖν ἡμῖν, ἦν δʼ ἐγώ, μηχανὴ γένοιτο τῶν ψευδῶν τῶν ἐν δέοντι γιγνομένων, ὧν δὴ νῦν ἐλέγομεν, γενναῖόν"
414c,"τι ἓν ψευδομένους πεῖσαι μάλιστα μὲν καὶ αὐτοὺς τοὺς ἄρχοντας, εἰ δὲ μή, τὴν ἄλλην πόλιν;
ποῖόν τι; ἔφη.
μηδὲν καινόν, ἦν δʼ ἐγώ, ἀλλὰ Φοινικικόν τι, πρότερον μὲν ἤδη πολλαχοῦ γεγονός, ὥς φασιν οἱ ποιηταὶ καὶ πεπείκασιν, ἐφʼ ἡμῶν δὲ οὐ γεγονὸς οὐδʼ οἶδα εἰ γενόμενον ἄν, πεῖσαι δὲ συχνῆς πειθοῦς.
ὡς ἔοικας, ἔφη, ὀκνοῦντι λέγειν.
δόξω δέ σοι, ἦν δʼ ἐγώ, καὶ μάλʼ εἰκότως ὀκνεῖν, ἐπειδὰν εἴπω.
λέγʼ, ἔφη, καὶ μὴ φοβοῦ."
414d,"λέγω δή—καίτοι οὐκ οἶδα ὁποίᾳ τόλμῃ ἢ ποίοις λόγοις χρώμενος ἐρῶ—καὶ ἐπιχειρήσω πρῶτον μὲν αὐτοὺς τοὺς ἄρχοντας πείθειν καὶ τοὺς στρατιώτας, ἔπειτα δὲ καὶ τὴν ἄλλην πόλιν, ὡς ἄρʼ ἃ ἡμεῖς αὐτοὺς ἐτρέφομέν τε καὶ ἐπαιδεύομεν, ὥσπερ ὀνείρατα ἐδόκουν ταῦτα πάντα πάσχειν τε καὶ γίγνεσθαι περὶ αὐτούς, ἦσαν δὲ τότε τῇ ἀληθείᾳ ὑπὸ γῆς ἐντὸς πλαττόμενοι καὶ τρεφόμενοι καὶ αὐτοὶ καὶ τὰ"
414e,"ὅπλα αὐτῶν καὶ ἡ ἄλλη σκευὴ δημιουργουμένη, ἐπειδὴ δὲ παντελῶς ἐξειργασμένοι ἦσαν, καὶ ἡ γῆ αὐτοὺς μήτηρ οὖσα ἀνῆκεν, καὶ νῦν δεῖ ὡς περὶ μητρὸς καὶ τροφοῦ τῆς χώρας ἐν ᾗ εἰσι βουλεύεσθαί τε καὶ ἀμύνειν αὐτούς, ἐάν τις ἐπʼ αὐτὴν ἴῃ, καὶ ὑπὲρ τῶν ἄλλων πολιτῶν ὡς ἀδελφῶν ὄντων καὶ γηγενῶν διανοεῖσθαι.
οὐκ ἐτός, ἔφη, πάλαι ᾐσχύνου τὸ ψεῦδος λέγειν."
415a,"πάνυ, ἦν δʼ ἐγώ, εἰκότως· ἀλλʼ ὅμως ἄκουε καὶ τὸ λοιπὸν τοῦ μύθου. ἐστὲ μὲν γὰρ δὴ πάντες οἱ ἐν τῇ πόλει ἀδελφοί, ὡς φήσομεν πρὸς αὐτοὺς μυθολογοῦντες, ἀλλʼ ὁ θεὸς πλάττων, ὅσοι μὲν ὑμῶν ἱκανοὶ ἄρχειν, χρυσὸν ἐν τῇ γενέσει συνέμειξεν αὐτοῖς, διὸ τιμιώτατοί εἰσιν· ὅσοι δʼ ἐπίκουροι, ἄργυρον· σίδηρον δὲ καὶ χαλκὸν τοῖς τε γεωργοῖς καὶ τοῖς ἄλλοις δημιουργοῖς. ἅτε οὖν συγγενεῖς ὄντες πάντες τὸ μὲν πολὺ ὁμοίους ἂν ὑμῖν αὐτοῖς γεννῷτε,"
415b,"ἔστι δʼ ὅτε ἐκ χρυσοῦ γεννηθείη ἂν ἀργυροῦν καὶ ἐξ ἀργύρου χρυσοῦν ἔκγονον καὶ τἆλλα πάντα οὕτως ἐξ ἀλλήλων. τοῖς οὖν ἄρχουσι καὶ πρῶτον καὶ μάλιστα παραγγέλλει ὁ θεός, ὅπως μηδενὸς οὕτω φύλακες ἀγαθοὶ ἔσονται μηδʼ οὕτω σφόδρα φυλάξουσι μηδὲν ὡς τοὺς ἐκγόνους, ὅτι αὐτοῖς τούτων ἐν ταῖς ψυχαῖς παραμέμεικται, καὶ ἐάν τε σφέτερος ἔκγονος ὑπόχαλκος ἢ ὑποσίδηρος γένηται, μηδενὶ"
415c,"τρόπῳ κατελεήσουσιν, ἀλλὰ τὴν τῇ φύσει προσήκουσαν τιμὴν ἀποδόντες ὤσουσιν εἰς δημιουργοὺς ἢ εἰς γεωργούς, καὶ ἂν αὖ ἐκ τούτων τις ὑπόχρυσος ἢ ὑπάργυρος φυῇ, τιμήσαντες ἀνάξουσι τοὺς μὲν εἰς φυλακήν, τοὺς δὲ εἰς ἐπικουρίαν, ὡς χρησμοῦ ὄντος τότε τὴν πόλιν διαφθαρῆναι, ὅταν αὐτὴν ὁ σιδηροῦς φύλαξ ἢ ὁ χαλκοῦς φυλάξῃ. τοῦτον οὖν τὸν μῦθον ὅπως ἂν πεισθεῖεν, ἔχεις τινὰ μηχανήν;"
415d,"οὐδαμῶς, ἔφη, ὅπως γʼ ἂν αὐτοὶ οὗτοι· ὅπως μεντἂν οἱ τούτων ὑεῖς καὶ οἱ ἔπειτα οἵ τʼ ἄλλοι ἄνθρωποι οἱ ὕστερον.
ἀλλὰ καὶ τοῦτο, ἦν δʼ ἐγώ, εὖ ἂν ἔχοι πρὸς τὸ μᾶλλον αὐτοὺς τῆς πόλεώς τε καὶ ἀλλήλων κήδεσθαι· σχεδὸν γάρ τι μανθάνω ὃ λέγεις.
καὶ τοῦτο μὲν δὴ ἕξει ὅπῃ ἂν αὐτὸ ἡ φήμη ἀγάγῃ· ἡμεῖς δὲ τούτους τοὺς γηγενεῖς ὁπλίσαντες προάγωμεν ἡγουμένων τῶν ἀρχόντων. ἐλθόντες δὲ θεασάσθων τῆς πόλεως ὅπου κάλλιστον στρατοπεδεύσασθαι, ὅθεν τούς τε"
415e,"ἔνδον μάλιστʼ ἂν κατέχοιεν, εἴ τις μὴ ἐθέλοι τοῖς νόμοις πείθεσθαι, τούς τε ἔξωθεν ἀπαμύνοιεν, εἰ πολέμιος ὥσπερ λύκος ἐπὶ ποίμνην τις ἴοι· στρατοπεδευσάμενοι δέ, θύσαντες οἷς χρή, εὐνὰς ποιησάσθων. ἢ πῶς;
οὕτως, ἔφη.
οὐκοῦν τοιαύτας, οἵας χειμῶνός τε στέγειν καὶ θέρους ἱκανὰς εἶναι;
πῶς γὰρ οὐχί; οἰκήσεις γάρ, ἔφη, δοκεῖς μοι λέγειν.
ναί, ἦν δʼ ἐγώ, στρατιωτικάς γε, ἀλλʼ οὐ χρηματιστικάς."
416a,"πῶς, ἔφη, αὖ τοῦτο λέγεις διαφέρειν ἐκείνου;
ἐγώ σοι, ἦν δʼ ἐγώ, πειράσομαι εἰπεῖν. δεινότατον γάρ που πάντων καὶ αἴσχιστον ποιμέσι τοιούτους γε καὶ οὕτω τρέφειν κύνας ἐπικούρους ποιμνίων, ὥστε ὑπὸ ἀκολασίας ἢ λιμοῦ ἤ τινος ἄλλου κακοῦ ἔθους αὐτοὺς τοὺς κύνας ἐπιχειρῆσαι τοῖς προβάτοις κακουργεῖν καὶ ἀντὶ κυνῶν λύκοις ὁμοιωθῆναι.
δεινόν, ἦ δʼ ὅς· πῶς δʼ οὔ;"
416b,"οὐκοῦν φυλακτέον παντὶ τρόπῳ μὴ τοιοῦτον ἡμῖν οἱ ἐπίκουροι ποιήσωσι πρὸς τοὺς πολίτας, ἐπειδὴ αὐτῶν κρείττους εἰσίν, ἀντὶ συμμάχων εὐμενῶν δεσπόταις ἀγρίοις ἀφομοιωθῶσιν;
φυλακτέον, ἔφη.
οὐκοῦν τὴν μεγίστην τῆς εὐλαβείας παρεσκευασμένοι ἂν εἶεν, εἰ τῷ ὄντι καλῶς πεπαιδευμένοι εἰσίν;
ἀλλὰ μὴν εἰσίν γʼ, ἔφη.
καὶ ἐγὼ εἶπον· τοῦτο μὲν οὐκ ἄξιον διισχυρίζεσθαι, ὦ φίλε Γλαύκων· ὃ μέντοι ἄρτι ἐλέγομεν, ἄξιον, ὅτι δεῖ"
416c,"αὐτοὺς τῆς ὀρθῆς τυχεῖν παιδείας, ἥτις ποτέ ἐστιν, εἰ μέλλουσι τὸ μέγιστον ἔχειν πρὸς τὸ ἥμεροι εἶναι αὑτοῖς τε καὶ τοῖς φυλαττομένοις ὑπʼ αὐτῶν.
καὶ ὀρθῶς γε, ἦ δʼ ὅς.
πρὸς τοίνυν τῇ παιδείᾳ ταύτῃ φαίη ἄν τις νοῦν ἔχων δεῖν καὶ τὰς οἰκήσεις καὶ τὴν ἄλλην οὐσίαν τοιαύτην αὐτοῖς παρεσκευάσθαι, ἥτις μήτε τοῦ φύλακας ὡς ἀρίστους εἶναι παύσει"
416d,"αὐτούς, κακουργεῖν τε μὴ ἐπαρεῖ περὶ τοὺς ἄλλους πολίτας.
καὶ ἀληθῶς γε φήσει.
ὅρα δή, εἶπον ἐγώ, εἰ τοιόνδε τινὰ τρόπον δεῖ αὐτοὺς ζῆν τε καὶ οἰκεῖν, εἰ μέλλουσι τοιοῦτοι ἔσεσθαι· πρῶτον μὲν οὐσίαν κεκτημένον μηδεμίαν μηδένα ἰδίαν, ἂν μὴ πᾶσα ἀνάγκη· ἔπειτα οἴκησιν καὶ ταμιεῖον μηδενὶ εἶναι μηδὲν τοιοῦτον, εἰς ὃ οὐ πᾶς ὁ βουλόμενος εἴσεισι· τὰ δʼ ἐπιτήδεια, ὅσων δέονται ἄνδρες ἀθληταὶ πολέμου σώφρονές τε καὶ"
416e,"ἀνδρεῖοι, ταξαμένους παρὰ τῶν ἄλλων πολιτῶν δέχεσθαι μισθὸν τῆς φυλακῆς τοσοῦτον ὅσον μήτε περιεῖναι αὐτοῖς εἰς τὸν ἐνιαυτὸν μήτε ἐνδεῖν· φοιτῶντας δὲ εἰς συσσίτια ὥσπερ ἐστρατοπεδευμένους κοινῇ ζῆν·"
417a,"πολλῶν νόμισμα γέγονεν, τὸ παρʼ ἐκείνοις δὲ ἀκήρατον· ἀλλὰ μόνοις αὐτοῖς τῶν ἐν τῇ πόλει μεταχειρίζεσθαι καὶ ἅπτεσθαι χρυσοῦ καὶ ἀργύρου οὐ θέμις, οὐδʼ ὑπὸ τὸν αὐτὸν ὄροφον ἰέναι οὐδὲ περιάψασθαι οὐδὲ πίνειν ἐξ ἀργύρου ἢ χρυσοῦ. καὶ οὕτω μὲν σῴζοιντό τʼ ἂν καὶ σῴζοιεν τὴν πόλιν· ὁπότε δʼ αὐτοὶ γῆν τε ἰδίαν καὶ οἰκίας καὶ νομίσματα κτήσονται, οἰκονόμοι μὲν καὶ γεωργοὶ ἀντὶ φυλάκων ἔσονται,"
417b,"δεσπόται δʼ ἐχθροὶ ἀντὶ συμμάχων τῶν ἄλλων πολιτῶν γενήσονται, μισοῦντες δὲ δὴ καὶ μισούμενοι καὶ ἐπιβουλεύοντες καὶ ἐπιβουλευόμενοι διάξουσι πάντα τὸν βίον, πολὺ πλείω καὶ μᾶλλον δεδιότες τοὺς ἔνδον ἢ τοὺς ἔξωθεν πολεμίους, θέοντες ἤδη τότε ἐγγύτατα ὀλέθρου αὐτοί τε καὶ ἡ ἄλλη πόλις. τούτων οὖν πάντων ἕνεκα, ἦν δʼ ἐγώ, φῶμεν οὕτω δεῖν κατεσκευάσθαι τοὺς φύλακας οἰκήσεώς τε πέρι καὶ τῶν ἄλλων, καὶ ταῦτα νομοθετήσωμεν, ἢ μή;
πάνυ γε, ἦ δʼ ὃς ὁ Γλαύκων."
